Id,FirstName,LastName,Email,StreetAddress,City,State,PostalCode,PhoneNumber
1,Ilene,Crosthwaite,icrosthwaite0@nytimes.com,2978 Hooker Hill,Myrtle Beach,SC,29579,843-947-1895
2,Tonye,Lauritsen,tlauritsen1@devhub.com,40769 Corben Trail,Las Vegas,NV,89155,702-577-1995
3,Belle,Cullum,bcullum2@simplemachines.org,18 Jackson Parkway,Fayetteville,NC,28314,910-300-0223
4,Dennet,Leyninye,dleyninye3@google.pl,242 Ryan Drive,Tuscaloosa,AL,35405,205-904-0796
5,Ninnette,Frankema,nfrankema4@miibeian.gov.cn,318 Mallory Junction,Washington,DC,20397,202-256-7348
6,Marcel,Sofe,msofe5@histats.com,99 Northland Place,Sacramento,CA,94207,916-211-1607
7,Hadley,Bernaert,hbernaert6@xinhuanet.com,3 Harper Point,Buffalo,NY,14269,716-539-6221
8,Ermengarde,Trayton,etrayton7@usnews.com,1 Atwood Park,Portland,OR,97232,503-507-5653
9,Johna,Weld,jweld8@un.org,160 Browning Court,Des Moines,IA,50315,515-497-0586
10,Angelia,Semeniuk,asemeniuk9@auda.org.au,11 Summer Ridge Avenue,Brooklyn,NY,11247,212-581-5508
11,Renata,Binnes,rbinnesa@admin.ch,0857 Sauthoff Alley,Los Angeles,CA,90065,323-306-8872
12,Nickolai,Langworthy,nlangworthyb@blogtalkradio.com,82 Corben Pass,Denver,CO,80235,303-935-0430
13,Rolland,Pizzey,rpizzeyc@youtube.com,4139 La Follette Drive,Milwaukee,WI,53210,414-599-2597
14,Darsey,Sheerin,dsheerind@google.com,1455 Prairieview Drive,San Antonio,TX,78278,210-784-9408
15,Giorgi,Matussevich,gmatusseviche@clickbank.net,3 Nancy Street,Oklahoma City,OK,73179,405-851-5842
16,Nigel,Bullingham,nbullinghamf@ucoz.com,27 Logan Hill,Atlanta,GA,30375,404-319-9350
17,Gothart,Drewe,gdreweg@plala.or.jp,5 Darwin Junction,Fort Worth,TX,76192,682-941-9655
18,Davidde,Jorat,djorath@nasa.gov,20 Lake View Center,Murfreesboro,TN,37131,615-228-9000
19,Olivier,Vassbender,ovassbenderi@last.fm,0825 Sachtjen Parkway,Washington,DC,20016,202-599-7430
20,Vidovic,Goodier,vgoodierj@ucoz.com,36726 Scoville Avenue,Columbus,OH,43215,614-687-6891
21,Seline,Kibel,skibelk@1und1.de,65 Sage Parkway,Colorado Springs,CO,80905,719-212-4890
22,Deny,Shellcross,dshellcrossl@is.gd,27 Logan Center,East Saint Louis,IL,62205,618-684-4675
23,Zoe,Masham,zmashamm@umn.edu,57 Goodland Point,Atlanta,GA,31132,404-519-0025
24,Fidelia,Wellwood,fwellwoodn@ustream.tv,956 Lindbergh Pass,Bozeman,MT,59771,406-570-7080
25,Lucy,Youel,lyouelo@boston.com,44752 Lakewood Circle,Dayton,OH,45419,937-550-2985
26,Cordula,Childe,cchildep@oracle.com,525 Hauk Parkway,Santa Barbara,CA,93150,805-843-5164
27,Britney,Guislin,bguislinq@java.com,924 Kenwood Plaza,Birmingham,AL,35242,205-697-2202
28,Rosamond,Dod,rdodr@over-blog.com,4809 Chinook Drive,Tulsa,OK,74116,918-838-3254
29,Tybi,Spreadbury,tspreadburys@tuttocitta.it,8 Lunder Parkway,Charleston,WV,25336,304-245-8449
30,Saw,Pothecary,spothecaryt@gnu.org,7 Heath Plaza,Wilmington,DE,19805,302-652-1658
31,Brunhilde,Ramelet,brameletu@pbs.org,48 Burning Wood Park,Seattle,WA,98148,253-857-2343
32,Gavan,Roust,groustv@reference.com,5007 Schmedeman Park,Waco,TX,76796,254-788-0802
33,Viv,Kittoe,vkittoew@sourceforge.net,4 Anderson Junction,San Diego,CA,92105,858-749-5330
34,Cirstoforo,Cleeton,ccleetonx@chicagotribune.com,52 Jenifer Crossing,Raleigh,NC,27615,919-588-2608
35,Lazar,Jeannard,ljeannardy@youtu.be,656 Fairfield Trail,El Paso,TX,79928,915-673-6167
36,Karlee,Roumier,kroumierz@unicef.org,0595 Coleman Hill,Topeka,KS,66642,785-456-8732
37,Kass,Ioannou,kioannou10@nsw.gov.au,05189 Charing Cross Road,Shreveport,LA,71151,318-726-3720
38,Pincus,Maryott,pmaryott11@bloglovin.com,319 John Wall Circle,Jefferson City,MO,65105,573-840-4452
39,Jodie,Provis,jprovis12@ox.ac.uk,1541 Burning Wood Trail,Topeka,KS,66667,785-702-3576
40,Marmaduke,Dewick,mdewick13@examiner.com,394 Sommers Trail,Lincoln,NE,68517,402-464-5775
41,Mil,Brentnall,mbrentnall14@cyberchimps.com,939 Namekagon Place,Schaumburg,IL,60193,708-664-1581
42,Sauveur,Veal,sveal15@plala.or.jp,16 Dottie Trail,Chicago,IL,60663,312-827-6757
43,Aleda,Kinchington,akinchington16@elegantthemes.com,3712 Victoria Plaza,Kansas City,KS,66105,913-141-9532
44,Alvinia,Dovydenas,adovydenas17@youtu.be,597 Spaight Trail,Kansas City,MO,64149,816-103-3088
45,Jamil,Theriot,jtheriot18@gov.uk,4 Canary Terrace,Louisville,KY,40210,502-121-7373
46,Josy,Denne,jdenne19@pinterest.com,0245 Buell Point,Amarillo,TX,79118,806-541-0970
47,Harrison,Bonifant,hbonifant1a@samsung.com,3180 Porter Pass,El Paso,TX,88541,915-654-3793
48,Valene,Juett,vjuett1b@ycombinator.com,802 Ilene Point,Sioux Falls,SD,57198,605-471-8977
49,Chas,Smitton,csmitton1c@furl.net,2075 Pawling Terrace,Grand Rapids,MI,49560,616-538-8935
50,April,Assandri,aassandri1d@mlb.com,72341 Cody Circle,Durham,NC,27705,919-716-9707
51,Arline,Gierhard,agierhard1e@tmall.com,09 Hoard Hill,Reston,VA,22096,571-406-9839
52,Sissy,Innott,sinnott1f@addthis.com,589 Mariners Cove Drive,New Orleans,LA,70183,504-388-8168
53,Giulio,Jiroutek,gjiroutek1g@jimdo.com,0 Crowley Trail,Fort Lauderdale,FL,33325,954-624-3595
54,Felice,Scottesmoor,fscottesmoor1h@i2i.jp,47 Blaine Center,New York City,NY,10184,212-333-4390
55,Norrie,Paal,npaal1i@yolasite.com,381 North Hill,Bridgeport,CT,06606,203-442-2839
56,Jillene,Stare,jstare1j@parallels.com,35311 Loftsgordon Trail,Memphis,TN,38109,901-958-1277
57,Scottie,Amphlett,samphlett1k@patch.com,98896 Kinsman Point,Dallas,TX,75358,214-373-1757
58,Gauthier,Learie,glearie1l@wikipedia.org,1 Crest Line Way,Des Moines,IA,50335,515-951-0528
59,Tann,Mazonowicz,tmazonowicz1m@hostgator.com,1 Dayton Place,Saint Louis,MO,63158,314-715-6051
60,Saw,McFaell,smcfaell1n@myspace.com,7289 Carey Trail,Minneapolis,MN,55487,612-139-6913
61,Benetta,Risely,brisely1o@jiathis.com,5 Killdeer Center,El Paso,TX,88546,915-559-1284
62,Josselyn,Arzu,jarzu1p@ucoz.ru,79109 Prentice Plaza,Warren,MI,48092,810-525-2362
63,Natalee,McWhin,nmcwhin1q@seattletimes.com,65382 Roxbury Court,Jacksonville,FL,32209,904-407-9991
64,Ardelia,Kairns,akairns1r@about.com,08772 Clyde Gallagher Trail,Youngstown,OH,44505,330-681-4873
65,Anthony,Sedgman,asedgman1s@imdb.com,4286 Mayfield Plaza,Sacramento,CA,95852,916-314-9131
66,Jule,Vyse,jvyse1t@craigslist.org,68719 Katie Point,Fort Myers,FL,33994,239-964-0312
67,Perry,McCaw,pmccaw1u@nytimes.com,72966 Oneill Point,Nashville,TN,37245,615-944-6611
68,Beverley,Loddy,bloddy1v@cisco.com,5 Bay Place,Washington,DC,20404,202-133-8999
69,Halley,Calverd,hcalverd1w@is.gd,6849 Arapahoe Plaza,Washington,DC,20557,202-588-6773
70,Cordy,Tullett,ctullett1x@utexas.edu,2 Hintze Hill,Paterson,NJ,07544,862-678-5966
71,Christi,Stolze,cstolze1y@virginia.edu,24 Prairieview Lane,North Little Rock,AR,72118,501-703-9370
72,Reggy,Rattenbury,rrattenbury1z@berkeley.edu,0841 Melby Court,Sacramento,CA,94257,916-833-1553
73,Marla,Callinan,mcallinan20@example.com,01 Kinsman Road,Nashville,TN,37215,615-750-7789
74,Sigfrid,Tooke,stooke21@aboutads.info,7680 Westerfield Drive,Irvine,CA,92619,949-855-8350
75,Inez,Orhtmann,iorhtmann22@skyrock.com,961 Myrtle Crossing,Indianapolis,IN,46239,317-964-3762
76,Marie-ann,Barkley,mbarkley23@ebay.com,651 Fuller Park,Dallas,TX,75372,214-757-0472
77,Sherwynd,Breache,sbreache24@naver.com,40 East Parkway,Los Angeles,CA,90010,562-368-7652
78,Lark,Berthelmot,lberthelmot25@google.cn,400 Crest Line Drive,Lexington,KY,40596,859-771-4501
79,Yankee,Paolotto,ypaolotto26@cnn.com,75 Paget Parkway,Tallahassee,FL,32304,850-724-0083
80,Penrod,Bolderoe,pbolderoe27@wikispaces.com,0588 Hooker Center,Miami,FL,33190,305-150-7607
81,Glyn,Parkins,gparkins28@studiopress.com,0615 Lakeland Avenue,San Francisco,CA,94116,415-235-0115
82,Wainwright,Lezemere,wlezemere29@ustream.tv,61438 Sunfield Trail,Minneapolis,MN,55446,612-306-1727
83,Juliana,Precious,jprecious2a@weibo.com,0 Kensington Crossing,Great Neck,NY,11024,516-645-8942
84,Jemima,Brum,jbrum2b@last.fm,8375 Bunker Hill Hill,Newport News,VA,23605,757-230-5614
85,Jard,Vanyarkin,jvanyarkin2c@bravesites.com,66556 Hudson Terrace,Miami,FL,33196,786-649-0896
86,Donall,Pudan,dpudan2d@altervista.org,93 Crest Line Crossing,Tucson,AZ,85754,520-722-8383
87,Ruthanne,Fulle,rfulle2e@pen.io,9014 Kenwood Avenue,Orlando,FL,32835,321-947-4263
88,Viole,Tooley,vtooley2f@meetup.com,63 Randy Circle,Grand Forks,ND,58207,701-187-4554
89,Gates,Paling,gpaling2g@phpbb.com,13 Loomis Crossing,San Diego,CA,92132,858-556-7407
90,Boonie,Luca,bluca2h@uol.com.br,8 Claremont Center,Muskegon,MI,49444,231-120-5769
91,Keenan,Youngs,kyoungs2i@illinois.edu,03270 Larry Point,Washington,DC,20231,202-868-1105
92,Guntar,Rignoldes,grignoldes2j@fda.gov,1 Service Terrace,Lexington,KY,40515,859-162-8452
93,Malcolm,Arminger,marminger2k@theguardian.com,7 Utah Road,Chicago,IL,60636,312-524-1105
94,Bruce,Stanluck,bstanluck2l@bravesites.com,95 Bartelt Lane,Houston,TX,77260,713-615-8377
95,Nadeen,Taborre,ntaborre2m@weebly.com,617 Lillian Street,Saginaw,MI,48604,989-347-4638
96,Bradney,Castagnier,bcastagnier2n@house.gov,989 Sycamore Street,Alexandria,VA,22333,571-954-4228
97,Uriel,Baber,ubaber2o@wikispaces.com,84 Glacier Hill Center,Saint Cloud,MN,56398,320-422-7649
98,Winny,Siley,wsiley2p@delicious.com,192 Everett Place,Modesto,CA,95354,559-651-3420
99,Maxine,Doodson,mdoodson2q@constantcontact.com,22 Forest Alley,Portsmouth,NH,00214,603-571-6210
100,Samaria,Sego,ssego2r@squidoo.com,17105 Lighthouse Bay Point,New Haven,CT,06520,203-679-1438
101,Inez,Amoore,iamoore2s@over-blog.com,8 Dottie Lane,Anderson,SC,29625,864-435-5643
102,Herb,Baccus,hbaccus2t@google.it,93821 Onsgard Circle,Indianapolis,IN,46231,317-271-0738
103,Bunni,Senett,bsenett2u@surveymonkey.com,0192 Golf View Way,Saint Louis,MO,63150,314-293-7263
104,Lindsey,Wildbore,lwildbore2v@canalblog.com,61 Everett Alley,Philadelphia,PA,19172,215-964-8281
105,Noni,Petrosian,npetrosian2w@mit.edu,38 Fulton Way,El Paso,TX,79940,915-292-6501
106,Lucais,Derisly,lderisly2x@so-net.ne.jp,1038 West Drive,Huntington,WV,25709,304-877-0830
107,Ammamaria,Flecknoe,aflecknoe2y@wiley.com,3127 Mariners Cove Avenue,White Plains,NY,10633,845-336-2877
108,Rebeca,Ouldred,rouldred2z@wisc.edu,3864 Elmside Way,Berkeley,CA,94712,510-174-1046
109,Abdel,Lackham,alackham30@sourceforge.net,2 Sauthoff Junction,Boca Raton,FL,33487,305-466-0381
110,Giorgia,Hawson,ghawson31@state.gov,26281 Dottie Parkway,Beaverton,OR,97075,503-419-3114
111,Truman,Keep,tkeep32@sitemeter.com,6 Thackeray Avenue,Salt Lake City,UT,84130,801-530-0293
112,Lora,Broek,lbroek33@samsung.com,48093 Talisman Junction,Saint Louis,MO,63104,314-869-3752
113,Natasha,Pavlovic,npavlovic34@imdb.com,922 Hallows Street,Tampa,FL,33673,813-835-8748
114,Beret,Porcas,bporcas35@blogger.com,07098 Sundown Place,Elmira,NY,14905,607-946-2144
115,Jay,Ferguson,jferguson36@photobucket.com,1088 Morningstar Drive,Lake Charles,LA,70616,337-784-7807
116,Loretta,Pietzke,lpietzke37@vk.com,237 Daystar Junction,Kansas City,MO,64130,816-622-5325
117,Oneida,Adams,oadams38@sogou.com,4 Marquette Parkway,Tuscaloosa,AL,35405,205-274-9541
118,Cris,Moggach,cmoggach39@behance.net,14 Merrick Drive,New York City,NY,10165,917-398-3077
119,Odille,Dendon,odendon3a@google.com,9946 Beilfuss Circle,Scottsdale,AZ,85255,480-592-7466
120,Carey,Rudloff,crudloff3b@youtu.be,50078 Saint Paul Junction,Tampa,FL,33673,813-928-6306
121,Roseline,Welfair,rwelfair3c@cbslocal.com,6811 Duke Terrace,Denver,CO,80228,303-331-1572
122,Belicia,Lawlings,blawlings3d@comsenz.com,64356 Springview Parkway,Lehigh Acres,FL,33972,863-275-9144
123,Dottie,Bleazard,dbleazard3e@goo.ne.jp,4951 Brown Alley,Roanoke,VA,24040,540-886-5448
124,Janene,Mursell,jmursell3f@google.com.au,843 Forest Street,Indianapolis,IN,46247,317-272-0292
125,Gayleen,Semple,gsemple3g@ameblo.jp,7555 Scoville Alley,Duluth,GA,30096,770-401-3993
126,Elisha,Castanos,ecastanos3h@vkontakte.ru,06908 Cordelia Court,Sacramento,CA,94273,916-357-3803
127,Tildi,Wemyss,twemyss3i@feedburner.com,8 Cody Drive,Flint,MI,48550,810-523-2011
128,Jessalyn,McEntagart,jmcentagart3j@fc2.com,2941 Kedzie Court,Alexandria,LA,71307,318-404-4058
129,Sergio,Kyme,skyme3k@last.fm,62 Hollow Ridge Street,Corpus Christi,TX,78475,361-160-7006
130,Chrissie,Loffhead,cloffhead3l@ustream.tv,3 Melody Circle,El Paso,TX,88525,915-140-6309
131,Rasia,Rubenchik,rrubenchik3m@dagondesign.com,530 Golf View Point,Indianapolis,IN,46239,317-643-6389
132,Abelard,Shorbrook,ashorbrook3n@mac.com,38 Cascade Park,Abilene,TX,79605,325-517-7328
133,Kelsey,Tyrwhitt,ktyrwhitt3o@forbes.com,09554 Veith Park,Charleston,WV,25356,304-415-1520
134,Clarey,Lerven,clerven3p@columbia.edu,473 Grasskamp Park,Macon,GA,31210,478-326-4431
135,Trueman,Impey,timpey3q@opensource.org,985 Russell Court,New York City,NY,10034,212-679-5787
136,Kippie,Celez,kcelez3r@altervista.org,9613 Banding Hill,Lubbock,TX,79405,806-827-0483
137,Tana,Billingsly,tbillingsly3s@istockphoto.com,6802 Dunning Street,Jamaica,NY,11470,718-471-8227
138,Elmo,MacEntee,emacentee3t@pen.io,3705 School Hill,Washington,DC,20010,202-518-8061
139,Richmond,Brewse,rbrewse3u@princeton.edu,09918 Northfield Court,Greensboro,NC,27499,336-448-3516
140,Griffy,Cricket,gcricket3v@rambler.ru,39374 Village Green Crossing,Portland,OR,97255,971-968-4200
141,Darcey,Johns,djohns3w@gizmodo.com,70459 Nobel Hill,New Orleans,LA,70116,504-873-6331
142,Janina,Tripney,jtripney3x@mail.ru,8 Logan Circle,San Luis Obispo,CA,93407,805-510-7076
143,Karine,Duckering,kduckering3y@constantcontact.com,3021 Main Circle,Decatur,IL,62525,217-267-7692
144,Judy,Hargrave,jhargrave3z@sciencedirect.com,5 Gulseth Lane,Sacramento,CA,95823,916-820-7714
145,Sabrina,Eglinton,seglinton40@pcworld.com,28879 Westridge Drive,Trenton,NJ,08619,609-180-9852
146,Nataline,Iacovini,niacovini41@diigo.com,4500 David Road,New York City,NY,10004,718-497-8582
147,Tabbatha,Condict,tcondict42@squidoo.com,6467 Rutledge Road,Pensacola,FL,32595,850-679-8461
148,Bill,Masters,bmasters43@illinois.edu,779 3rd Circle,Garden Grove,CA,92844,714-220-9552
149,Dalia,Caple,dcaple44@cnn.com,0 Loomis Street,Tuscaloosa,AL,35487,205-296-6289
150,Veriee,Andrzejowski,vandrzejowski45@google.cn,4 Thackeray Junction,Oakland,CA,94605,510-650-6553
151,Patty,Tremouille,ptremouille46@blinklist.com,8738 Sage Avenue,Houston,TX,77010,713-366-2042
152,Esmaria,Aimable,eaimable47@cpanel.net,17 Fordem Terrace,Reno,NV,89505,775-787-8366
153,Emma,Whopples,ewhopples48@cbc.ca,1 Graedel Court,Sarasota,FL,34238,941-897-6889
154,Lynett,Potten,lpotten49@google.com,25673 Ohio Center,Richmond,VA,23208,804-205-2977
155,Delmer,Merrall,dmerrall4a@seattletimes.com,8578 Nova Way,Miami,FL,33111,786-365-2367
156,Denni,Duckinfield,dduckinfield4b@bing.com,2 Grayhawk Hill,New York City,NY,10004,516-844-3556
157,Sandy,Housin,shousin4c@linkedin.com,894 Hazelcrest Terrace,Hyattsville,MD,20784,301-215-8144
158,Nickolai,MacRinn,nmacrinn4d@ca.gov,44 Oxford Avenue,Jacksonville,FL,32209,904-347-7871
159,Neala,Ollivier,nollivier4e@amazon.co.jp,68098 Chinook Terrace,Washington,DC,20591,202-640-5603
160,Yves,Verbeek,yverbeek4f@cdbaby.com,39 Walton Center,Alhambra,CA,91841,626-407-1277
161,Francklyn,Nicol,fnicol4g@washingtonpost.com,002 Stang Drive,Albuquerque,NM,87105,505-550-0515
162,Marwin,Stapells,mstapells4h@jugem.jp,5390 Ridgeview Park,Hamilton,OH,45020,937-300-1984
163,Reed,Purcell,rpurcell4i@census.gov,0041 Lawn Park,Dayton,OH,45403,937-473-5976
164,Jo,Manners,jmanners4j@timesonline.co.uk,1472 Trailsway Terrace,Toledo,OH,43635,419-699-7239
165,Greta,Dreschler,gdreschler4k@nymag.com,56 Pearson Street,Memphis,TN,38131,901-949-7649
166,Leeann,Fardy,lfardy4l@thetimes.co.uk,6 Talmadge Lane,Fort Collins,CO,80525,970-934-1636
167,Maddi,Baskwell,mbaskwell4m@timesonline.co.uk,0 Browning Avenue,Bloomington,IN,47405,812-628-5538
168,Em,Greenaway,egreenaway4n@a8.net,2737 Lunder Junction,Oklahoma City,OK,73147,405-630-6805
169,Lindsy,Keely,lkeely4o@virginia.edu,89301 Golf Circle,Asheville,NC,28815,828-501-5145
170,Darrelle,Mattisssen,dmattisssen4p@buzzfeed.com,7 Dixon Road,Lexington,KY,40510,859-306-7426
171,Virginia,O' Connell,voconnell4q@bing.com,8449 Corry Way,Oklahoma City,OK,73179,405-516-6921
172,Stacie,Keegan,skeegan4r@statcounter.com,933 Pawling Parkway,Chicago,IL,60686,312-531-1581
173,Wayland,Finnis,wfinnis4s@illinois.edu,82 Rowland Avenue,Cleveland,OH,44177,216-469-7012
174,Luce,D'Antuoni,ldantuoni4t@joomla.org,3 Eagle Crest Pass,Flushing,NY,11388,917-877-5590
175,Maybelle,Knivett,mknivett4u@netscape.com,5 Susan Crossing,Richmond,VA,23242,804-653-3097
176,Leonidas,Duker,lduker4v@hc360.com,4 Bartelt Avenue,Youngstown,OH,44505,330-564-3174
177,Cly,Rawlcliffe,crawlcliffe4w@tuttocitta.it,73055 Sauthoff Alley,Bronx,NY,10464,914-391-5795
178,Shalna,Barthelemy,sbarthelemy4x@sohu.com,72 Sachtjen Plaza,Cincinnati,OH,45208,513-948-1662
179,Cissiee,Adamovsky,cadamovsky4y@va.gov,089 Oak Valley Lane,Saint Petersburg,FL,33715,727-263-6101
180,Hanson,Soans,hsoans4z@istockphoto.com,23 Mendota Alley,Mountain View,CA,94042,650-206-8813
181,Eva,Collcott,ecollcott50@arizona.edu,94 Caliangt Way,Santa Barbara,CA,93111,805-703-0098
182,Jimmy,Raimbauld,jraimbauld51@dailymail.co.uk,281 Graedel Pass,El Paso,TX,88584,915-748-2091
183,Hortensia,Hallas,hhallas52@jigsy.com,83981 Eggendart Circle,New Orleans,LA,70187,504-789-1944
184,Odell,Grebert,ogrebert53@desdev.cn,26 Hollow Ridge Terrace,Richmond,VA,23208,804-383-0982
185,Bryon,Devon,bdevon54@baidu.com,1 Dexter Parkway,Mobile,AL,36628,251-697-9028
186,Guglielmo,Saul,gsaul55@unblog.fr,28 Melody Avenue,Peoria,IL,61635,309-511-5227
187,Niven,Luthwood,nluthwood56@sohu.com,34073 Bartillon Drive,Philadelphia,PA,19093,215-279-6558
188,Cherianne,Meneyer,cmeneyer57@furl.net,04932 Northland Place,Pasadena,CA,91109,626-960-9470
189,Bobby,Oene,boene58@sphinn.com,7291 Veith Way,Laredo,TX,78044,956-275-6403
190,Hyacintha,Stirzaker,hstirzaker59@clickbank.net,0787 Farragut Alley,Washington,DC,20530,202-752-4631
191,Murial,Stanton,mstanton5a@tamu.edu,190 Commercial Trail,Davenport,IA,52809,563-511-1573
192,Shannen,Bullon,sbullon5b@rakuten.co.jp,01 Grover Place,San Antonio,TX,78255,830-816-6195
193,Gene,Shoute,gshoute5c@cisco.com,18 2nd Hill,Kansas City,MO,64199,816-377-7748
194,Lorilee,Olyff,lolyff5d@fotki.com,1609 Dunning Alley,Albany,GA,31704,229-224-0875
195,Hakeem,Barker,hbarker5e@nasa.gov,705 Harbort Street,Atlanta,GA,30380,404-158-2508
196,Jamey,Radnedge,jradnedge5f@yolasite.com,5828 Village Green Road,Killeen,TX,76544,254-893-7404
197,Myranda,Tutchell,mtutchell5g@un.org,5 School Avenue,Delray Beach,FL,33448,561-686-6431
198,Charlene,Kleinzweig,ckleinzweig5h@altervista.org,9 Delaware Trail,Washington,DC,20205,202-460-7863
199,Angeli,Mynard,amynard5i@istockphoto.com,48551 Talmadge Hill,Honolulu,HI,96820,808-439-0539
200,Stefanie,Toping,stoping5j@geocities.jp,59074 Hudson Junction,Atlanta,GA,31190,404-225-0737
201,Bartholemy,Philipsson,bphilipsson5k@sogou.com,82509 Fisk Junction,Rochester,NY,14639,585-851-3740
202,Antone,Garrod,agarrod5l@icq.com,8 Debs Way,Houston,TX,77240,713-268-4834
203,Alisun,Cornelleau,acornelleau5m@amazon.de,1 Old Shore Way,San Bernardino,CA,92415,909-236-7092
204,Webb,Pilfold,wpilfold5n@weather.com,399 Crowley Court,San Diego,CA,92186,619-186-0114
205,Cassaundra,Byrde,cbyrde5o@nyu.edu,36 Hovde Court,Gulfport,MS,39505,228-691-1117
206,Malia,Pagitt,mpagitt5p@a8.net,225 Express Plaza,Washington,DC,20022,202-914-9860
207,Mauricio,Splevins,msplevins5q@admin.ch,148 Maywood Center,Canton,OH,44720,234-692-6212
208,Alicea,Heynel,aheynel5r@istockphoto.com,24386 Rusk Terrace,Maple Plain,MN,55579,952-823-7496
209,Brande,Arnault,barnault5s@blogspot.com,981 Erie Road,Omaha,NE,68117,402-517-4864
210,Rafaelita,Sterley,rsterley5t@tiny.cc,243 Cascade Road,Gilbert,AZ,85297,602-772-5374
211,Vlad,Sliney,vsliney5u@dailymail.co.uk,3 Maple Wood Center,Tucson,AZ,85715,520-403-3907
212,Ruby,Vedishchev,rvedishchev5v@yellowbook.com,17964 Division Place,Boston,MA,02163,617-809-3545
213,Antin,Beau,abeau5w@vk.com,42 Mcguire Court,Oklahoma City,OK,73129,405-983-4250
214,Aubrey,Hartas,ahartas5x@wikimedia.org,492 Farwell Court,Kansas City,MO,64193,816-382-9011
215,Marylee,Jagson,mjagson5y@moonfruit.com,883 Northport Street,Atlanta,GA,30380,404-861-8466
216,Didi,Hubbins,dhubbins5z@artisteer.com,4445 Carey Hill,Grand Rapids,MI,49560,616-425-3140
217,Fina,Downie,fdownie60@tinypic.com,99 Monterey Hill,Littleton,CO,80161,720-567-8071
218,Verla,Chesswas,vchesswas61@livejournal.com,9639 Holmberg Circle,Glendale,CA,91205,818-286-7767
219,Marietta,Plain,mplain62@cam.ac.uk,52 Schiller Road,Pasadena,CA,91125,626-810-4611
220,Corrine,Paxton,cpaxton63@skype.com,5 Clemons Plaza,Pittsburgh,PA,15261,412-923-1147
221,Jori,Kellart,jkellart64@goodreads.com,1 Veith Way,Dayton,OH,45426,937-569-9237
222,Doll,Brouncker,dbrouncker65@mapquest.com,4 Schiller Center,Milwaukee,WI,53234,414-619-2026
223,Perle,Fenny,pfenny66@clickbank.net,4 Surrey Center,Saint Paul,MN,55108,651-262-8762
224,Cristen,Ridesdale,cridesdale67@pen.io,3429 Village Crossing,Galveston,TX,77554,409-859-2314
225,Heywood,Eckersall,heckersall68@paypal.com,00 Thompson Alley,San Francisco,CA,94116,415-631-0974
226,Abra,Meece,ameece69@slideshare.net,2305 Delladonna Circle,Johnstown,PA,15906,814-994-2833
227,Agata,Cabotto,acabotto6a@tinyurl.com,7933 Macpherson Point,Minneapolis,MN,55480,612-528-2492
228,Iosep,Storrs,istorrs6b@va.gov,01 Scoville Road,Shawnee Mission,KS,66210,816-939-2117
229,Kaila,Colebourne,kcolebourne6c@merriam-webster.com,8 Del Mar Alley,Syracuse,NY,13251,315-438-9047
230,Michelle,Branson,mbranson6d@biblegateway.com,3901 Sommers Lane,Daytona Beach,FL,32123,386-234-2555
231,Batsheva,Schutte,bschutte6e@cargocollective.com,7 Sommers Hill,Fort Lauderdale,FL,33336,754-903-9113
232,Laney,Valens-Smith,lvalenssmith6f@tumblr.com,8582 Shasta Alley,Washington,DC,20231,202-797-1211
233,Christophorus,Trineman,ctrineman6g@utexas.edu,3 Delaware Road,Amarillo,TX,79105,806-780-1922
234,Ferguson,Elegood,felegood6h@histats.com,272 Veith Way,Dayton,OH,45432,937-712-0569
235,Hilarius,Brittan,hbrittan6i@netlog.com,9 Spaight Center,Fort Pierce,FL,34981,772-474-7160
236,Darwin,Fuente,dfuente6j@tumblr.com,570 Golden Leaf Park,Newark,NJ,07104,973-304-3145
237,Julieta,Greensitt,jgreensitt6k@tinyurl.com,0 Vernon Point,Rochester,NY,14614,315-968-7175
238,Clarissa,Conningham,cconningham6l@sun.com,4884 Moose Avenue,Charlottesville,VA,22903,434-533-2522
239,Gail,McCaghan,gmccaghan6m@amazon.co.jp,789 Hovde Terrace,Warren,OH,44485,330-683-4552
240,Rebekah,Maccrae,rmaccrae6n@hibu.com,1 Troy Way,Harrisburg,PA,17140,717-716-1191
241,Lark,Wastall,lwastall6o@hubpages.com,5 Sycamore Way,San Antonio,TX,78215,210-199-2162
242,Josephine,Vuitton,jvuitton6p@chronoengine.com,43 Redwing Circle,Orlando,FL,32868,407-991-4617
243,Georgia,Ghion,gghion6q@storify.com,28 Main Park,Saint Louis,MO,63110,314-100-5259
244,Mirabel,Veall,mveall6r@forbes.com,5841 Mitchell Pass,Boise,ID,83722,208-670-6649
245,Morgen,Guerriero,mguerriero6s@symantec.com,1940 Ramsey Junction,Baltimore,MD,21229,410-909-4082
246,Flor,Kisbey,fkisbey6t@walmart.com,90 Dwight Terrace,Midland,TX,79705,432-119-4235
247,Fannie,Cayford,fcayford6u@fotki.com,30 Trailsway Alley,Chattanooga,TN,37405,423-655-1615
248,Bellanca,Cardenosa,bcardenosa6v@vistaprint.com,38 Badeau Avenue,Arlington,TX,76096,817-260-3528
249,Corby,Schout,cschout6w@ycombinator.com,602 Nelson Terrace,Cincinnati,OH,45249,513-401-4511
250,Waring,Woodus,wwoodus6x@4shared.com,356 Kipling Place,Sacramento,CA,95833,530-214-2127
251,Dermot,Demkowicz,ddemkowicz6y@people.com.cn,17 Badeau Plaza,Washington,DC,20392,202-823-6682
252,Johnette,Casseldine,jcasseldine6z@purevolume.com,91299 Gale Lane,Fort Worth,TX,76121,817-406-9062
253,Laurice,Kike,lkike70@mapy.cz,661 Loftsgordon Center,San Francisco,CA,94177,415-679-1988
254,Maureene,Soppeth,msoppeth71@craigslist.org,18997 Mosinee Court,Silver Spring,MD,20918,240-934-3565
255,Verene,Niess,vniess72@noaa.gov,7 Golden Leaf Lane,London,KY,40745,606-288-7894
256,Malcolm,Gabriely,mgabriely73@upenn.edu,1407 Spohn Avenue,Portland,OR,97255,971-197-2565
257,Chelsey,Adamson,cadamson74@phpbb.com,53134 Emmet Drive,Seattle,WA,98121,206-986-3989
258,Claiborne,Matuskiewicz,cmatuskiewicz75@digg.com,29516 New Castle Circle,Fresno,CA,93786,559-871-5767
259,Meagan,Sline,msline76@bravesites.com,41043 Fieldstone Center,Jamaica,NY,11447,718-124-8024
260,Tally,Mendonca,tmendonca77@oakley.com,2 Farmco Avenue,El Paso,TX,88525,915-840-5242
261,Sonnie,Massimo,smassimo78@kickstarter.com,4191 Ludington Center,Little Rock,AR,72231,501-200-9898
262,Jacobo,Dudman,jdudman79@mediafire.com,837 Washington Place,Norfolk,VA,23509,757-688-3089
263,Zed,Stelli,zstelli7a@shinystat.com,583 Bashford Junction,Rochester,NY,14652,585-165-0085
264,Tova,Maden,tmaden7b@yale.edu,47 Buell Pass,Memphis,TN,38109,901-919-3328
265,Millicent,Faiers,mfaiers7c@eepurl.com,9 Gina Alley,Escondido,CA,92030,760-979-0091
266,Concordia,Wharin,cwharin7d@baidu.com,0002 Mandrake Point,Lakewood,WA,98498,253-279-8464
267,Julita,Brimacombe,jbrimacombe7e@technorati.com,637 Mallard Pass,Wilkes Barre,PA,18706,570-245-4094
268,Theobald,Corradino,tcorradino7f@pagesperso-orange.fr,516 Vermont Plaza,Longview,TX,75605,903-767-9252
269,Zora,Blabie,zblabie7g@usa.gov,48 Manufacturers Pass,Kalamazoo,MI,49006,269-572-3322
270,Welsh,Yarnall,wyarnall7h@slate.com,60 Fremont Way,Corpus Christi,TX,78410,361-597-4446
271,Lothario,Durtnell,ldurtnell7i@youku.com,6718 Sycamore Crossing,Chicago,IL,60681,312-538-1570
272,Huntington,Cursons,hcursons7j@digg.com,1 Bashford Hill,Pensacola,FL,32526,850-509-0813
273,Yancy,Tafani,ytafani7k@prnewswire.com,702 Eagle Crest Avenue,Chicago,IL,60604,630-228-8404
274,Danna,Inglesant,dinglesant7l@prnewswire.com,6573 Melrose Crossing,Richmond,VA,23203,804-884-0629
275,Tailor,Wagenen,twagenen7m@histats.com,1 Lunder Court,El Paso,TX,79955,915-528-6720
276,Kynthia,Dulany,kdulany7n@rambler.ru,678 Hermina Crossing,Worcester,MA,01654,508-302-7225
277,Michaeline,O'Gormally,mogormally7o@yale.edu,185 Drewry Terrace,Portland,OR,97286,503-607-5731
278,Zorine,McArley,zmcarley7p@nature.com,38764 Talmadge Court,Memphis,TN,38114,901-570-0606
279,Rawley,Buglass,rbuglass7q@xinhuanet.com,2616 Dawn Plaza,Orlando,FL,32868,407-872-0033
280,Laney,Crimin,lcrimin7r@nifty.com,151 Pleasure Avenue,Greensboro,NC,27499,336-876-2466
281,Kenn,Strass,kstrass7s@digg.com,10836 Old Shore Plaza,Tempe,AZ,85284,480-359-5034
282,Nikolaos,Orhrt,norhrt7t@howstuffworks.com,449 Barnett Street,Valdosta,GA,31605,229-339-6457
283,Panchito,Collinette,pcollinette7u@tinyurl.com,7 Texas Park,Des Moines,IA,50330,515-102-1738
284,Christina,Crayden,ccrayden7v@auda.org.au,8 Ridgeview Center,Columbia,SC,29208,803-993-5599
285,Mario,Mattosoff,mmattosoff7w@nba.com,87 Troy Place,Santa Monica,CA,90405,310-455-3372
286,Petey,Grayley,pgrayley7x@com.com,9 Meadow Valley Trail,Saint Louis,MO,63196,314-149-4551
287,Iolanthe,Windless,iwindless7y@baidu.com,88 Truax Place,San Antonio,TX,78245,210-639-0124
288,Janine,Mousdall,jmousdall7z@bloglines.com,5154 Reinke Terrace,Tucson,AZ,85725,520-388-8087
289,Allene,Croome,acroome80@tumblr.com,76 Lindbergh Hill,Monroe,LA,71213,318-568-3628
290,Kristi,Lokier,klokier81@si.edu,42992 Fairfield Junction,Memphis,TN,38181,901-772-8794
291,Ulises,Spavins,uspavins82@home.pl,0703 Basil Crossing,Dallas,TX,75379,214-499-3284
292,Hyman,Lote,hlote83@google.fr,4 Tony Point,Miami,FL,33111,786-875-8256
293,Magda,Melvin,mmelvin84@state.gov,39 Morrow Plaza,Stockton,CA,95219,209-152-9494
294,Zack,O'Shea,zoshea85@state.tx.us,380 Dayton Place,Buffalo,NY,14205,716-311-4619
295,Adriena,Eacle,aeacle86@yelp.com,7 Cambridge Avenue,Detroit,MI,48295,313-713-2862
296,Alica,Candlish,acandlish87@nih.gov,94 Nova Alley,Schaumburg,IL,60193,224-840-2057
297,Paolo,Pelling,ppelling88@zimbio.com,40097 Green Point,West Palm Beach,FL,33416,561-106-5910
298,Minette,Kerridge,mkerridge89@live.com,9 Rockefeller Hill,Louisville,KY,40225,502-266-8392
299,Maxie,July,mjuly8a@myspace.com,43587 Ronald Regan Park,Bethesda,MD,20816,301-907-8527
300,Joelie,Kiloh,jkiloh8b@irs.gov,49590 Cordelia Place,Lakeland,FL,33811,863-611-6498
301,Fleur,Lawry,flawry8c@netvibes.com,363 Warrior Lane,Arlington,VA,22217,571-366-2373
302,Eulalie,Jellico,ejellico8d@wufoo.com,65750 Blue Bill Park Plaza,Silver Spring,MD,20918,240-373-4976
303,Camala,Ralestone,cralestone8e@nsw.gov.au,06 Crest Line Pass,Indianapolis,IN,46247,317-505-6753
304,Anica,Pirolini,apirolini8f@utexas.edu,5 Chive Place,Newport News,VA,23612,757-234-9037
305,Darrelle,Ballaam,dballaam8g@springer.com,82487 Nevada Park,Atlanta,GA,30386,404-432-3982
306,Angel,Suerz,asuerz8h@topsy.com,0453 Eliot Junction,Richmond,VA,23237,804-857-2964
307,Greg,Jirus,gjirus8i@exblog.jp,9 Fairview Trail,Orlando,FL,32885,407-681-9776
308,Carson,Dayborne,cdayborne8j@about.com,7 Hermina Point,Whittier,CA,90610,562-146-6760
309,Misty,Winters,mwinters8k@flickr.com,6030 Hintze Pass,Saint Louis,MO,63121,314-777-7570
310,Bertina,Kemmis,bkemmis8l@microsoft.com,342 Shopko Drive,Birmingham,AL,35263,205-462-2618
311,Hubey,Rawson,hrawson8m@nasa.gov,483 Mosinee Crossing,Bronx,NY,10469,718-875-5565
312,Sharyl,O'Neill,soneill8n@rakuten.co.jp,382 Sutteridge Court,Seattle,WA,98104,425-739-8160
313,Marcelle,Keddie,mkeddie8o@edublogs.org,4 Ridgeway Place,Elizabeth,NJ,07208,908-888-2256
314,Glenine,Faucett,gfaucett8p@clickbank.net,5 Forest Dale Circle,Berkeley,CA,94705,510-712-4351
315,Jennette,Learman,jlearman8q@google.com.au,04094 Bellgrove Court,Bronx,NY,10459,917-288-1913
316,Lana,Darbon,ldarbon8r@mapy.cz,79132 Northland Point,Valley Forge,PA,19495,484-789-8433
317,Carlotta,Buick,cbuick8s@ft.com,5614 Springview Way,Rockford,IL,61110,815-249-9229
318,Maurise,Stobbart,mstobbart8t@fda.gov,1 Manley Drive,Houston,TX,77201,713-620-3164
319,Claudell,Troughton,ctroughton8u@webs.com,08462 Mcbride Way,Macon,GA,31296,478-161-5825
320,Gloria,Van Daalen,gvandaalen8v@technorati.com,262 Drewry Terrace,Fort Worth,TX,76110,682-862-4439
321,Fidelio,Marchetti,fmarchetti8w@google.com.hk,267 Logan Way,Tampa,FL,33605,813-246-8705
322,Dexter,Whittles,dwhittles8x@quantcast.com,79 Straubel Hill,Staten Island,NY,10310,914-815-0649
323,Vaughn,Heath,vheath8y@blinklist.com,68972 Westridge Center,El Paso,TX,88563,915-524-5367
324,Karilynn,Longmate,klongmate8z@cyberchimps.com,575 Steensland Street,Wilmington,DE,19886,302-121-4838
325,Alvinia,Milburn,amilburn90@csmonitor.com,5445 Anhalt Pass,Fayetteville,NC,28314,910-823-4699
326,Priscella,Jiroudek,pjiroudek91@tiny.cc,4 Carioca Park,Akron,OH,44329,330-809-0427
327,Hermione,Helmke,hhelmke92@ow.ly,35144 Goodland Lane,San Bernardino,CA,92424,909-240-0108
328,Duky,Banstead,dbanstead93@arizona.edu,2 Armistice Lane,Riverside,CA,92513,951-642-9089
329,Leland,Scotcher,lscotcher94@va.gov,98 Green Road,El Paso,TX,79905,915-549-2603
330,Avrit,Imos,aimos95@google.nl,67721 Forest Dale Court,Newport News,VA,23612,757-640-7146
331,Gaynor,Bonifazio,gbonifazio96@europa.eu,801 Colorado Point,Albany,NY,12222,518-277-1447
332,Laurianne,Earengey,learengey97@ucsd.edu,3442 Arrowood Point,Pasadena,CA,91131,626-171-4009
333,Benedikta,Swire,bswire98@globo.com,177 Hanover Place,Lexington,KY,40596,859-156-1397
334,Luella,Angless,langless99@networksolutions.com,2 Susan Hill,Irvine,CA,92612,714-354-3823
335,Eugenie,Worner,eworner9a@plala.or.jp,213 Burrows Trail,Orlando,FL,32854,407-357-7722
336,Verge,MacCaughey,vmaccaughey9b@odnoklassniki.ru,41141 Graceland Place,Naples,FL,34114,239-692-4781
337,La verne,Raubheim,lraubheim9c@canalblog.com,0 Waubesa Parkway,Los Angeles,CA,90005,213-351-7606
338,Vance,Cantor,vcantor9d@si.edu,5173 Menomonie Center,Louisville,KY,40293,502-800-8590
339,Nathan,Ourry,nourry9e@vkontakte.ru,07745 Del Mar Lane,Erie,PA,16565,814-621-3486
340,Atlanta,Foat,afoat9f@cbsnews.com,65569 Kenwood Place,El Paso,TX,88553,915-752-1699
341,Kelwin,Strutz,kstrutz9g@census.gov,65233 Melby Place,Plano,TX,75074,972-138-6648
342,Maggy,Dy,mdy9h@example.com,02 Gulseth Court,Petaluma,CA,94975,707-250-5768
343,Krista,Harrild,kharrild9i@posterous.com,2312 Clyde Gallagher Terrace,Houston,TX,77293,281-825-1606
344,Roseline,Dallmann,rdallmann9j@vk.com,67740 Crownhardt Plaza,Huntington,WV,25721,304-366-3462
345,Minni,Cacacie,mcacacie9k@flavors.me,2381 School Trail,Asheville,NC,28805,828-118-3477
346,Kendra,Crowdace,kcrowdace9l@google.com,49605 Northwestern Alley,Buffalo,NY,14215,716-801-3066
347,Lory,Strahan,lstrahan9m@microsoft.com,8048 Clyde Gallagher Parkway,Phoenix,AZ,85067,602-621-3191
348,Ravid,Franz,rfranz9n@facebook.com,02837 Rockefeller Way,Rochester,NY,14639,585-383-9457
349,Leontine,Bubbear,lbubbear9o@technorati.com,115 Bultman Parkway,San Francisco,CA,94147,415-538-2468
350,Ellerey,Popland,epopland9p@hubpages.com,309 Independence Parkway,Raleigh,NC,27658,919-786-9260
351,Leona,Blaxton,lblaxton9q@xing.com,314 Troy Parkway,Fort Lauderdale,FL,33345,754-266-7508
352,Allayne,Perryman,aperryman9r@jigsy.com,89935 Waywood Court,Syracuse,NY,13205,315-185-8793
353,Boonie,Ivanov,bivanov9s@nifty.com,7310 Crest Line Hill,South Bend,IN,46614,574-900-1102
354,Conney,Pennell,cpennell9t@aboutads.info,1 Colorado Avenue,Saint Louis,MO,63110,314-533-3661
355,Annabel,Gaskoin,agaskoin9u@comcast.net,32059 Fairfield Hill,Gary,IN,46406,219-523-4710
356,Walliw,Worvill,wworvill9v@eepurl.com,125 Cordelia Place,Bakersfield,CA,93381,661-151-7234
357,Cortney,Pardoe,cpardoe9w@ed.gov,11 Banding Circle,Lake Worth,FL,33462,561-961-3770
358,Florinda,Toolin,ftoolin9x@photobucket.com,91773 Corben Parkway,Cleveland,OH,44118,216-780-0908
359,Conrad,Heister,cheister9y@google.nl,899 Hanson Trail,Jacksonville,FL,32236,904-693-7510
360,Sampson,Farland,sfarland9z@gizmodo.com,62 Forest Court,Lubbock,TX,79415,806-498-3551
361,Patti,Tomlett,ptomletta0@ocn.ne.jp,6213 Springs Trail,Newport News,VA,23605,757-867-2486
362,Inglebert,Stapley,istapleya1@vimeo.com,6734 Corscot Hill,Washington,DC,20205,202-126-3174
363,Brade,Caulwell,bcaulwella2@blogs.com,150 Memorial Trail,Erie,PA,16505,814-217-0869
364,Pet,Randell,prandella3@linkedin.com,8074 Rieder Court,Bloomington,IL,61709,309-434-5554
365,Archibaldo,Craw,acrawa4@goo.ne.jp,11891 Dryden Crossing,Chicago,IL,60669,312-438-1426
366,Crosby,Origan,corigana5@sina.com.cn,2 Forest Dale Plaza,Chesapeake,VA,23324,757-301-7930
367,Frankie,Watkiss,fwatkissa6@sitemeter.com,7 Bay Court,Salem,OR,97312,971-469-8870
368,Zea,Pearch,zpearcha7@businessinsider.com,27 Hanover Avenue,Lansing,MI,48956,517-734-5545
369,Marena,Routham,mrouthama8@examiner.com,52878 Comanche Way,Huntsville,AL,35895,256-448-5798
370,Liana,Trew,ltrewa9@theguardian.com,81963 Waywood Alley,Bridgeport,CT,06606,203-711-0546
371,Mattheus,Mowbury,mmowburyaa@ameblo.jp,38 Packers Point,Bloomington,IN,47405,812-921-0899
372,Wrennie,Poyner,wpoynerab@shareasale.com,17152 Cottonwood Terrace,Memphis,TN,38181,901-231-8077
373,Buckie,Snaddon,bsnaddonac@livejournal.com,18527 Stoughton Hill,Washington,DC,20010,202-874-8047
374,Mohandis,Cowdery,mcowderyad@1688.com,24 Graceland Center,Decatur,GA,30033,678-391-2858
375,Donetta,Boram,dboramae@blogspot.com,770 Buhler Alley,New York City,NY,10090,212-408-6227
376,Selinda,Broadhead,sbroadheadaf@spiegel.de,75 Bartillon Lane,New York City,NY,10099,646-936-2909
377,Layney,Grzesiak,lgrzesiakag@youtube.com,1491 Oxford Way,Houston,TX,77020,713-619-2880
378,Dave,Mell,dmellah@multiply.com,544 Huxley Place,Macon,GA,31210,478-558-6094
379,Chrystal,Witts,cwittsai@histats.com,20855 Nova Court,Tulsa,OK,74126,918-875-3394
380,Betta,Snaden,bsnadenaj@chicagotribune.com,773 Corben Hill,Brooksville,FL,34605,352-237-1231
381,Peyton,McLice,pmcliceak@marketwatch.com,44 Caliangt Way,San Francisco,CA,94159,415-440-9484
382,Christoforo,Scantleberry,cscantleberryal@usatoday.com,51799 Northview Street,Salt Lake City,UT,84152,801-222-0342
383,Daffie,Workes,dworkesam@berkeley.edu,0456 Delladonna Parkway,Birmingham,AL,35254,205-594-6604
384,Brandtr,Brundill,bbrundillan@blinklist.com,1882 Clarendon Lane,Gilbert,AZ,85297,602-689-4021
385,Randi,Sparshatt,rsparshattao@ca.gov,68929 Montana Plaza,Oklahoma City,OK,73152,405-572-9772
386,Nerta,Shiers,nshiersap@blog.com,08 Sunbrook Junction,Boise,ID,83727,208-854-7337
387,Zacherie,Prandy,zprandyaq@webmd.com,3472 Roth Way,Gainesville,FL,32610,352-578-6032
388,Vanni,Smedmoor,vsmedmoorar@dmoz.org,3055 Elka Hill,White Plains,NY,10606,845-715-0045
389,Harmonie,McGonigle,hmcgonigleas@dell.com,88 Hollow Ridge Way,El Paso,TX,79934,915-643-6570
390,Romola,Kerman,rkermanat@earthlink.net,9256 Northridge Street,Houston,TX,77240,713-347-8183
391,Adrien,Ridgley,aridgleyau@myspace.com,9271 Hovde Way,Warren,OH,44485,330-700-6102
392,Maureene,Barlee,mbarleeav@google.ru,27 Bluejay Way,Kansas City,MO,64130,816-711-5082
393,Pablo,Swetman,pswetmanaw@rediff.com,3024 Delladonna Point,El Paso,TX,79999,915-757-2308
394,Elnar,Whorlton,ewhorltonax@icio.us,0679 Brickson Park Place,Green Bay,WI,54305,920-200-7432
395,Solomon,Kalderon,skalderonay@t-online.de,68923 Waywood Park,Wichita,KS,67210,316-105-1069
396,Corly,Dayment,cdaymentaz@wufoo.com,38414 Cottonwood Place,Boise,ID,83757,208-324-6076
397,Olia,Ridgwell,oridgwellb0@istockphoto.com,88406 Charing Cross Plaza,Los Angeles,CA,90060,323-505-9668
398,Peggi,Lidyard,plidyardb1@angelfire.com,2453 Harbort Hill,Greensboro,NC,27425,336-646-9197
399,Berny,Marley,bmarleyb2@360.cn,6 Westridge Drive,Salt Lake City,UT,84189,801-286-4696
400,Llywellyn,Oiller,loillerb3@scientificamerican.com,40133 Crescent Oaks Pass,Kansas City,MO,64109,816-361-9827
401,Mellie,Rosenwasser,mrosenwasserb4@columbia.edu,9395 Melrose Terrace,Schaumburg,IL,60193,630-905-8402
402,Ring,Goulter,rgoulterb5@squarespace.com,764 Bonner Point,Young America,MN,55573,952-463-3815
403,Lela,Greenshields,lgreenshieldsb6@furl.net,92 Warrior Junction,Charleston,SC,29424,843-510-5330
404,Lucita,Housbie,lhousbieb7@blogger.com,11 Chive Drive,Edmond,OK,73034,405-728-9867
405,Guglielmo,Raycroft,graycroftb8@mit.edu,7 Columbus Road,Crawfordsville,IN,47937,765-586-1596
406,Caspar,Lipsett,clipsettb9@163.com,61 Loeprich Circle,Tampa,FL,33633,813-445-1110
407,Hobart,Rayman,hraymanba@bluehost.com,4350 Scofield Hill,Lincoln,NE,68517,402-669-3320
408,Nerte,Paschek,npaschekbb@tiny.cc,0507 Helena Crossing,Duluth,MN,55805,218-347-0276
409,Tommie,Conichie,tconichiebc@skype.com,709 Glacier Hill Way,Peoria,IL,61635,309-968-5297
410,Marchelle,Giffin,mgiffinbd@independent.co.uk,4 Nova Parkway,Cape Coral,FL,33915,239-761-2821
411,Kissee,Crowne,kcrownebe@craigslist.org,0 Debs Road,Tampa,FL,33661,813-776-1595
412,Alwin,Fairholm,afairholmbf@ocn.ne.jp,35807 Cody Way,Mobile,AL,36610,251-813-6656
413,Bern,Zimmermanns,bzimmermannsbg@icq.com,2470 Lighthouse Bay Road,Rochester,NY,14652,585-693-1144
414,Christine,Naris,cnarisbh@sohu.com,41343 Sage Pass,Kansas City,KS,66105,913-445-7121
415,Leland,Maund,lmaundbi@about.me,36426 Independence Way,Little Rock,AR,72215,501-559-3760
416,Sunshine,Cradduck,scradduckbj@narod.ru,3841 Bay Point,Cincinnati,OH,45243,513-567-6330
417,Trevar,Waldrum,twaldrumbk@nba.com,626 Rusk Center,West Palm Beach,FL,33416,561-509-4574
418,Bernice,Collingham,bcollinghambl@blogs.com,1772 Esker Road,Des Moines,IA,50335,515-123-8983
419,Leonore,Kilbey,lkilbeybm@alibaba.com,5 New Castle Road,Flint,MI,48555,810-232-8205
420,Tomlin,Hurll,thurllbn@ebay.co.uk,5826 American Ash Lane,Houston,TX,77065,832-222-4533
421,Amabelle,Galler,agallerbo@gov.uk,5 Shelley Center,San Diego,CA,92105,619-257-1687
422,Cecilio,Mapletoft,cmapletoftbp@mapy.cz,62321 Mockingbird Alley,Sacramento,CA,94286,916-606-3267
423,Bobette,Axtens,baxtensbq@netlog.com,4 Messerschmidt Terrace,Washington,DC,20470,202-739-2027
424,Bastian,Haywood,bhaywoodbr@upenn.edu,8786 6th Street,Philadelphia,PA,19160,215-301-6508
425,Atalanta,Chanson,achansonbs@unicef.org,06395 Dakota Crossing,Hattiesburg,MS,39404,601-297-3709
426,Reilly,Tubbles,rtubblesbt@jigsy.com,01 Oneill Circle,San Diego,CA,92110,858-746-1822
427,Ainslie,Leete,aleetebu@arstechnica.com,0 Golf Pass,Daytona Beach,FL,32128,386-616-7164
428,Rabi,Buesden,rbuesdenbv@yahoo.com,583 Clarendon Lane,Fairfield,CT,06825,203-710-0830
429,Piggy,Carletti,pcarlettibw@e-recht24.de,3953 Schiller Avenue,Dallas,TX,75236,972-903-6250
430,Karine,Kelsell,kkelsellbx@angelfire.com,2971 Rockefeller Plaza,Whittier,CA,90605,626-675-8413
431,Annemarie,Ogilvie,aogilvieby@craigslist.org,01 Hanover Center,Toledo,OH,43610,419-819-8104
432,Hurley,Hedan,hhedanbz@smh.com.au,6374 Florence Center,Little Rock,AR,72204,501-497-8776
433,Pet,Bucky,pbuckyc0@scientificamerican.com,38 Haas Road,Raleigh,NC,27690,919-679-8714
434,Mead,Eakens,meakensc1@blogs.com,564 Kipling Pass,Sacramento,CA,94245,916-591-6751
435,Saudra,Pashenkov,spashenkovc2@xrea.com,3775 Sullivan Hill,Omaha,NE,68144,402-341-9089
436,Maia,Dunklee,mdunkleec3@tiny.cc,2 East Alley,Newport Beach,CA,92662,949-898-8490
437,Berry,Hannon,bhannonc4@mtv.com,9117 Surrey Drive,Herndon,VA,22070,757-827-8429
438,Miof mela,Rosenschein,mrosenscheinc5@umn.edu,42618 Fairfield Place,Roanoke,VA,24014,540-909-7856
439,Dari,Scruby,dscrubyc6@prnewswire.com,27 Maple Wood Crossing,Baltimore,MD,21281,410-500-3870
440,Wyatt,Fane,wfanec7@loc.gov,254 Monica Terrace,Frederick,MD,21705,240-815-3903
441,Lela,Adger,ladgerc8@fc2.com,207 Fairfield Avenue,Santa Barbara,CA,93106,805-551-3136
442,Tessi,Wiggington,twiggingtonc9@tripadvisor.com,1209 Russell Parkway,Carlsbad,CA,92013,760-753-7934
443,Sibyl,Le Clercq,sleclercqca@npr.org,9 Melvin Crossing,Colorado Springs,CO,80945,719-114-3126
444,Wit,Shyram,wshyramcb@samsung.com,1285 Chive Way,Fort Worth,TX,76198,682-717-9490
445,Dorie,Soitoux,dsoitouxcc@vistaprint.com,4592 Delladonna Circle,Moreno Valley,CA,92555,951-474-2751
446,Jeffry,Last,jlastcd@example.com,57097 Commercial Plaza,Vero Beach,FL,32969,772-320-6421
447,Heida,Readwin,hreadwince@sina.com.cn,38064 Prentice Place,Greenville,SC,29605,864-851-5061
448,Jae,Lindborg,jlindborgcf@naver.com,059 Delaware Way,Austin,TX,78710,512-959-0030
449,Hildagard,Basson,hbassoncg@github.com,3679 Moose Crossing,North Little Rock,AR,72118,501-925-6690
450,Nona,Peiser,npeiserch@europa.eu,56 Dottie Pass,Spokane,WA,99205,509-545-1921
451,Emmalee,Franks,efranksci@examiner.com,23 Towne Alley,Cincinnati,OH,45233,513-965-1610
452,Alessandra,Enos,aenoscj@pen.io,387 Riverside Road,Lehigh Acres,FL,33972,863-994-7165
453,Julina,Borne,jborneck@symantec.com,9 Fair Oaks Plaza,Long Beach,CA,90847,562-113-9073
454,Inness,Massel,imasselcl@vistaprint.com,5928 Pennsylvania Center,Rochester,NY,14614,585-795-5308
455,Joella,Baggaley,jbaggaleycm@surveymonkey.com,4 Pine View Terrace,San Antonio,TX,78285,210-761-3545
456,Rivy,Bendel,rbendelcn@yellowpages.com,55446 David Hill,Salt Lake City,UT,84105,435-590-5219
457,Sayre,Lunge,slungeco@marriott.com,7 Marquette Road,Pompano Beach,FL,33075,754-474-9457
458,Germaine,Maskew,gmaskewcp@hugedomains.com,8 Weeping Birch Point,Springfield,MA,01105,413-853-3823
459,Haywood,Grishanin,hgrishanincq@shareasale.com,154 Browning Park,Houston,TX,77030,713-869-0259
460,Robinett,Boise,rboisecr@cornell.edu,5229 Debra Crossing,Birmingham,AL,35285,205-322-9037
461,Aluin,Hartlebury,ahartleburycs@desdev.cn,23218 Dahle Parkway,Lawrenceville,GA,30245,770-703-1631
462,Lanette,Soles,lsolesct@shutterfly.com,6 Sundown Pass,Omaha,NE,68179,402-910-5912
463,Andie,Spragge,aspraggecu@ameblo.jp,7507 Prentice Place,Brooklyn,NY,11231,212-343-4296
464,Sharity,Evered,severedcv@cbc.ca,14783 International Hill,Sioux Falls,SD,57110,605-903-6967
465,Elinor,Blunkett,eblunkettcw@scientificamerican.com,0873 Merry Pass,Atlanta,GA,30340,770-410-3077
466,Jobina,Scruton,jscrutoncx@sun.com,151 Hazelcrest Trail,Phoenix,AZ,85045,480-825-7008
467,Adams,Huegett,ahuegettcy@tinyurl.com,1128 Cordelia Circle,Chicago,IL,60652,312-559-0528
468,Lammond,Hyndson,lhyndsoncz@salon.com,64112 Everett Park,Canton,OH,44705,330-535-5514
469,Myra,Tassel,mtasseld0@accuweather.com,91738 Utah Crossing,Young America,MN,55564,952-284-1344
470,Lacie,Roalfe,lroalfed1@hud.gov,05 Warbler Trail,Houston,TX,77201,713-723-3295
471,Cesar,Soppit,csoppitd2@plala.or.jp,7031 Milwaukee Park,Vero Beach,FL,32969,772-587-0446
472,Bertie,Axelby,baxelbyd3@51.la,83328 Sycamore Crossing,Seattle,WA,98175,206-804-5913
473,Donal,MacGinney,dmacginneyd4@feedburner.com,7892 Southridge Avenue,Baton Rouge,LA,70810,225-685-0451
474,Saunders,Sherrington,ssherringtond5@i2i.jp,86 Ruskin Park,Orlando,FL,32854,407-341-9558
475,Ellissa,Argent,eargentd6@etsy.com,99976 Prairie Rose Terrace,Sioux Falls,SD,57188,605-231-0318
476,Sergio,Dumphry,sdumphryd7@etsy.com,86291 Monica Junction,Atlanta,GA,31132,404-605-3724
477,Marsha,Desporte,mdesported8@google.de,166 Lighthouse Bay Park,Anchorage,AK,99522,907-357-9407
478,Carmon,Sahnow,csahnowd9@last.fm,982 Gulseth Parkway,Washington,DC,20244,202-206-0655
479,Aurora,Willmott,awillmottda@archive.org,79489 Helena Crossing,Maple Plain,MN,55572,763-722-7908
480,Cointon,Gardner,cgardnerdb@parallels.com,9164 Emmet Place,Phoenix,AZ,85045,480-679-0904
481,Meghan,Witherby,mwitherbydc@google.com.hk,250 Union Avenue,Sacramento,CA,95838,916-377-4375
482,Franz,Dalligan,fdalligandd@blogger.com,58 Fallview Pass,Erie,PA,16565,814-557-3444
483,Chev,Grute,cgrutede@ihg.com,24 Randy Place,Murfreesboro,TN,37131,615-416-7423
484,Wallache,Endon,wendondf@psu.edu,62753 Forster Crossing,Milwaukee,WI,53263,414-128-2174
485,Agnes,Rosenvasser,arosenvasserdg@hugedomains.com,678 Bashford Center,Tacoma,WA,98442,253-539-7438
486,Hetty,Pettengell,hpettengelldh@paginegialle.it,4467 Prairieview Way,Miami Beach,FL,33141,305-615-2097
487,Chaim,Muggach,cmuggachdi@mail.ru,411 Redwing Pass,Honolulu,HI,96825,808-966-3369
488,Elijah,MacCarroll,emaccarrolldj@icio.us,6075 David Drive,Louisville,KY,40266,502-549-5729
489,Gustavus,Alenov,galenovdk@wiley.com,24493 Oxford Park,Los Angeles,CA,90020,213-605-4582
490,Ogdan,Blague,oblaguedl@discovery.com,38529 Namekagon Pass,El Paso,TX,88535,915-569-8846
491,Dimitri,Tittletross,dtittletrossdm@prnewswire.com,287 Cottonwood Avenue,Mesquite,TX,75185,214-859-7693
492,Zena,Smullin,zsmullindn@imgur.com,2059 Schiller Avenue,New Haven,CT,06520,203-179-6121
493,Leeann,Boagey,lboageydo@tmall.com,67 Harper Drive,Corpus Christi,TX,78465,361-111-6639
494,Correy,Faber,cfaberdp@psu.edu,09600 Grim Junction,Alhambra,CA,91841,626-512-9540
495,Noak,Gouldthorp,ngouldthorpdq@elegantthemes.com,84 Summit Hill,Albuquerque,NM,87201,505-283-9665
496,Remus,Yewdall,ryewdalldr@freewebs.com,629 Crescent Oaks Drive,Boise,ID,83722,208-675-3266
497,Dorena,Cragg,dcraggds@nih.gov,712 Meadow Valley Drive,Washington,DC,20005,202-895-9386
498,Olag,Medcraft,omedcraftdt@mysql.com,7891 Spaight Crossing,Atlanta,GA,30392,404-384-0856
499,Adrian,Vickarman,avickarmandu@digg.com,2 Blue Bill Park Road,Charleston,SC,29403,843-864-0335
500,Clarette,O'Gready,cogreadydv@acquirethisname.com,81296 Tennessee Junction,Charleston,SC,29424,843-990-7904
501,Carl,Exer,cexerdw@photobucket.com,8 Manley Road,Tyler,TX,75705,903-395-8505
502,Yurik,Sevin,ysevindx@naver.com,144 Vera Street,Saint Louis,MO,63167,314-351-9146
503,Robbyn,McGarva,rmcgarvady@spotify.com,8 Little Fleur Pass,Albany,NY,12227,518-642-2358
504,Georgeta,De Bellis,gdebellisdz@hao123.com,88571 Messerschmidt Way,Wichita,KS,67260,316-824-2793
505,Leonie,Jorez,ljoreze0@reference.com,32692 Delladonna Street,Charlotte,NC,28235,704-450-6410
506,Pammi,Wytchard,pwytcharde1@vimeo.com,05 Nobel Park,Aurora,CO,80045,303-160-2935
507,Milo,MacNab,mmacnabe2@eepurl.com,9592 Fordem Drive,Young America,MN,55573,952-752-2448
508,Joeann,Loffill,jloffille3@wsj.com,7 Chinook Junction,Salt Lake City,UT,84189,801-185-0419
509,Cristabel,Biddell,cbiddelle4@de.vu,56882 Stuart Point,Appleton,WI,54915,920-494-6758
510,Markus,Hurling,mhurlinge5@fema.gov,2 Sycamore Junction,Pasadena,CA,91109,818-715-3674
511,Dawn,Adicot,dadicote6@wikimedia.org,4 Gulseth Plaza,Jacksonville,FL,32244,904-522-6151
512,Kleon,Flahive,kflahivee7@accuweather.com,60 Anthes Drive,Longview,TX,75605,903-561-6463
513,Daryl,Schulz,dschulze8@addtoany.com,7405 Browning Junction,Buffalo,NY,14269,716-156-6331
514,Bianca,Ruspine,bruspinee9@pen.io,858 Golf Park,Corpus Christi,TX,78475,361-764-7438
515,Cristin,Frisdick,cfrisdickea@surveymonkey.com,324 Cody Court,Buffalo,NY,14215,716-213-5759
516,Renado,Rochester,rrochestereb@wikispaces.com,94659 Dorton Court,Oklahoma City,OK,73104,405-941-5245
517,Alvan,Lewing,alewingec@accuweather.com,340 Bellgrove Center,Los Angeles,CA,90035,323-437-1883
518,Frederica,Iceton,ficetoned@youtube.com,13 Mccormick Street,Glendale,CA,91205,818-757-3409
519,Mycah,Penhall,mpenhallee@cyberchimps.com,87 Roxbury Park,Charlotte,NC,28220,704-438-0709
520,Mervin,Klesel,mkleselef@mashable.com,0 Graedel Lane,San Diego,CA,92191,619-541-1282
521,Elayne,Yurchenko,eyurchenkoeg@biglobe.ne.jp,1 Dennis Center,Albany,GA,31704,229-739-2453
522,Karee,Stadden,kstaddeneh@google.com.au,230 Lukken Pass,Chicago,IL,60609,312-478-0391
523,Del,Alastair,dalastairei@studiopress.com,02 Hoard Crossing,Cleveland,OH,44105,216-674-1002
524,Claus,Rojel,crojelej@oracle.com,42765 Jenna Court,Jamaica,NY,11431,212-802-6126
525,Yelena,Fyfield,yfyfieldek@free.fr,401 Texas Drive,Houston,TX,77085,281-545-7698
526,Risa,Brian,rbrianel@accuweather.com,011 Green Avenue,Alexandria,VA,22301,703-620-0750
527,Devinne,Othick,dothickem@eepurl.com,7879 Vernon Alley,Saint Louis,MO,63169,314-414-5872
528,Ardith,Northall,anorthallen@ted.com,6182 Crowley Court,Salt Lake City,UT,84152,801-705-8214
529,Nap,Grave,ngraveeo@businesswire.com,902 Magdeline Circle,Washington,DC,20088,202-528-9522
530,Kirk,Harmar,kharmarep@usnews.com,62030 Manley Alley,Spokane,WA,99252,509-481-2444
531,Terza,Peters,tpeterseq@lulu.com,30 Springview Parkway,Las Vegas,NV,89150,702-461-5849
532,Justinn,Lamblin,jlambliner@sogou.com,9 Forest Dale Junction,Hollywood,FL,33023,305-418-5634
533,Ainslie,Raxworthy,araxworthyes@t-online.de,43 Corben Alley,Philadelphia,PA,19196,215-698-2316
534,Brittan,Ferriday,bferridayet@yandex.ru,9 Orin Road,Denton,TX,76210,214-964-7498
535,Margo,Furmagier,mfurmagiereu@zdnet.com,14461 Calypso Alley,Temple,TX,76505,254-383-9536
536,Benji,Traill,btraillev@chron.com,2 Prairieview Place,Evansville,IN,47747,812-616-9370
537,Carmelita,Watt,cwattew@macromedia.com,52506 Caliangt Junction,Shawnee Mission,KS,66220,913-654-2275
538,Pepe,Garfit,pgarfitex@aboutads.info,273 Nova Crossing,San Bernardino,CA,92405,909-161-9480
539,Catie,Vodden,cvoddeney@mit.edu,8 Judy Avenue,Salem,OR,97306,503-556-2925
540,Allin,Tams,atamsez@sphinn.com,14 Florence Pass,Marietta,GA,30066,770-348-6694
541,Yvon,Eykelbosch,yeykelboschf0@parallels.com,47566 Dawn Way,Lexington,KY,40581,859-284-2679
542,Zonnya,Kinleyside,zkinleysidef1@ibm.com,126 Ridge Oak Parkway,West Hartford,CT,06127,860-345-5446
543,Sherill,Hubbert,shubbertf2@cdc.gov,39 Autumn Leaf Terrace,Topeka,KS,66667,785-608-2124
544,Merle,Gavrielli,mgavriellif3@jimdo.com,1 Bellgrove Parkway,Columbia,SC,29203,803-930-2161
545,Alecia,Hilling,ahillingf4@e-recht24.de,8826 Oak Valley Avenue,Orange,CA,92668,760-370-9726
546,Bondie,Mc Dermid,bmcdermidf5@virginia.edu,5 Cody Lane,Torrance,CA,90510,818-670-3454
547,Carmelina,Blumire,cblumiref6@addtoany.com,10690 Lien Lane,Pensacola,FL,32520,850-231-4577
548,Everard,Brymham,ebrymhamf7@sina.com.cn,7 Schurz Lane,Salt Lake City,UT,84130,801-307-0694
549,Maiga,Chetham,mchethamf8@jigsy.com,02 Erie Trail,Fort Wayne,IN,46857,260-595-1368
550,Rube,O'Longain,rolongainf9@bluehost.com,233 Hansons Parkway,Melbourne,FL,32919,321-114-6861
551,Hersch,Andreou,handreoufa@blogger.com,20707 Katie Avenue,Las Vegas,NV,89125,702-635-9981
552,Guthrey,Toffanini,gtoffaninifb@1und1.de,3307 Jackson Drive,Bakersfield,CA,93399,661-136-8310
553,Mathian,Carleton,mcarletonfc@example.com,369 Dawn Center,Fort Lauderdale,FL,33315,954-620-6969
554,Torie,Marks,tmarksfd@privacy.gov.au,961 Roxbury Drive,San Jose,CA,95118,408-242-3178
555,Baxie,Sautter,bsautterfe@netvibes.com,87190 Huxley Parkway,Albany,NY,12262,518-527-7165
556,Almeda,Gian,agianff@squidoo.com,13502 Eliot Alley,Nashville,TN,37235,615-470-3942
557,Sydney,Hulle,shullefg@engadget.com,8 Nancy Avenue,Chicago,IL,60674,312-663-2421
558,Carver,Postance,cpostancefh@oracle.com,658 Troy Point,Washington,DC,20508,202-815-4877
559,Lemmy,Burrage,lburragefi@360.cn,83 Little Fleur Circle,Gatesville,TX,76598,254-545-8269
560,Miquela,Braidman,mbraidmanfj@moonfruit.com,54126 Dahle Hill,Grand Junction,CO,81505,970-134-3025
561,Jesselyn,Artis,jartisfk@sina.com.cn,32 Drewry Parkway,Pittsburgh,PA,15279,412-439-2827
562,Alley,Mish,amishfl@reference.com,4 Oxford Alley,Philadelphia,PA,19120,610-269-6988
563,Xena,Lincoln,xlincolnfm@artisteer.com,118 Luster Alley,Jacksonville,FL,32225,904-253-4770
564,Lorelle,Caze,lcazefn@utexas.edu,4 Sauthoff Terrace,San Jose,CA,95113,650-739-0488
565,Manuel,Daintree,mdaintreefo@hp.com,164 Blue Bill Park Plaza,Harrisburg,PA,17126,717-130-3763
566,Yuri,Robillart,yrobillartfp@oaic.gov.au,0301 Packers Plaza,Nashville,TN,37240,615-486-6487
567,Katalin,Wernher,kwernherfq@devhub.com,935 Mallory Alley,Pittsburgh,PA,15225,412-522-0099
568,Chuck,Blazejewski,cblazejewskifr@google.nl,3 Rutledge Alley,Santa Barbara,CA,93106,805-766-8271
569,Faith,Glide,fglidefs@lycos.com,4254 Derek Court,San Diego,CA,92115,619-745-8503
570,Judd,Lenney,jlenneyft@devhub.com,53122 Scott Drive,Chicago,IL,60619,312-226-7740
571,Ronica,Oleszczak,roleszczakfu@ucsd.edu,1168 Rusk Court,New York City,NY,10292,212-292-6219
572,Livvie,Boord,lboordfv@zimbio.com,705 Lindbergh Place,Lexington,KY,40524,859-241-8854
573,Cale,Rush,crushfw@sogou.com,82 Nancy Trail,Fort Wayne,IN,46857,260-608-8289
574,Adolpho,Kemmer,akemmerfx@baidu.com,02793 Bartillon Street,Reno,NV,89595,775-682-4299
575,Mira,Harkes,mharkesfy@joomla.org,6 Burrows Road,Bronx,NY,10459,917-268-0441
576,Jackquelin,Forsbey,jforsbeyfz@mozilla.com,6 Graedel Road,Saint Cloud,MN,56372,320-509-1989
577,Bonnie,Selwin,bselwing0@vistaprint.com,71 Green Junction,Eugene,OR,97405,541-203-5232
578,Mae,Reuble,mreubleg1@washington.edu,1860 Moulton Alley,Garden Grove,CA,92844,714-622-0271
579,Tarra,Matfin,tmatfing2@apache.org,689 Becker Road,Wilkes Barre,PA,18763,570-833-4844
580,Layla,Oxton,loxtong3@4shared.com,1 Springs Crossing,Duluth,GA,30096,770-313-9495
581,Erny,Doohan,edoohang4@oaic.gov.au,8128 Lindbergh Parkway,Chicago,IL,60674,312-913-8661
582,Renie,Box,rboxg5@boston.com,79529 Oneill Circle,Pittsburgh,PA,15240,412-853-4142
583,Roth,Hatcher,rhatcherg6@godaddy.com,8640 Dryden Terrace,Wilkes Barre,PA,18706,570-741-6500
584,Craggie,Dutch,cdutchg7@msn.com,496 Green Parkway,Peoria,IL,61656,309-374-1221
585,Hyacinth,Hatwells,hhatwellsg8@goo.ne.jp,5033 Dennis Point,Peoria,IL,61605,309-510-7077
586,Magdalena,Perago,mperagog9@accuweather.com,8 Redwing Court,Iowa City,IA,52245,319-498-1673
587,Anny,Hastwell,ahastwellga@microsoft.com,89002 Mccormick Center,Boise,ID,83711,208-434-8799
588,Forest,Towsie,ftowsiegb@illinois.edu,88181 Heffernan Junction,Fort Myers,FL,33994,239-772-2523
589,Chev,Epsley,cepsleygc@yale.edu,6567 Hansons Alley,Hialeah,FL,33013,305-137-2191
590,Bell,Blondelle,bblondellegd@amazonaws.com,8525 Sunnyside Way,Tyler,TX,75705,903-184-9600
591,Nanice,Keppe,nkeppege@blogs.com,83317 Ilene Pass,Salt Lake City,UT,84115,801-187-7250
592,Dore,Hollyer,dhollyergf@ted.com,80 High Crossing Plaza,Katy,TX,77493,281-550-9377
593,Filip,Duckerin,fduckeringg@jalbum.net,72 4th Hill,Atlanta,GA,31106,404-998-5014
594,Colas,Ivashkin,civashkingh@e-recht24.de,0 Derek Avenue,Levittown,PA,19058,267-315-9724
595,Fawn,Barnham,fbarnhamgi@cisco.com,4 Sunfield Terrace,Katy,TX,77493,832-314-8921
596,Tadeo,Earie,teariegj@nifty.com,9 Westend Parkway,Oakland,CA,94605,510-885-1854
597,Alexandrina,Gauchier,agauchiergk@artisteer.com,10796 Annamark Trail,New Orleans,LA,70165,504-961-4975
598,Giusto,Tomeo,gtomeogl@gov.uk,6014 Heath Plaza,Tacoma,WA,98442,253-166-7459
599,Bondie,Gurys,bgurysgm@gnu.org,527 Clarendon Park,Washington,DC,20073,202-447-7651
600,Debby,Castiglio,dcastigliogn@studiopress.com,11787 Texas Center,Daytona Beach,FL,32123,386-758-6367
601,Woody,Janauschek,wjanauschekgo@jiathis.com,4 Independence Circle,Staten Island,NY,10305,718-498-8552
602,Carce,Nardoni,cnardonigp@phpbb.com,1 Paget Trail,Salt Lake City,UT,84170,801-416-1912
603,Mitchell,McCafferty,mmccaffertygq@techcrunch.com,0154 Southridge Hill,El Paso,TX,88525,915-310-1310
604,Vail,Lowde,vlowdegr@gmpg.org,19604 Clemons Crossing,Cleveland,OH,44105,216-873-5375
605,Jared,Orgee,jorgeegs@princeton.edu,1 Kingsford Avenue,New York City,NY,10260,212-236-9542
606,Andromache,Zanneli,azanneligt@who.int,80 Stuart Junction,Norfolk,VA,23520,757-698-0442
607,Kayley,Euler,keulergu@usnews.com,0 Dottie Crossing,Houston,TX,77281,713-662-6604
608,Palmer,Garden,pgardengv@princeton.edu,98 Lotheville Trail,Miami,FL,33175,305-277-6550
609,Kass,Vallis,kvallisgw@scientificamerican.com,4 Farwell Road,Inglewood,CA,90305,310-722-6014
610,Fredrick,Doree,fdoreegx@ustream.tv,1912 American Hill,El Paso,TX,88584,915-177-3424
611,Dido,Giannoni,dgiannonigy@creativecommons.org,64173 Dwight Junction,Sarasota,FL,34233,941-816-7433
612,Roby,Aslie,rasliegz@mayoclinic.com,8 Marcy Court,San Francisco,CA,94126,415-360-4435
613,Cyril,O'Fallowne,cofallowneh0@mozilla.com,8753 Macpherson Hill,El Paso,TX,79928,915-750-1249
614,Leone,Antonin,lantoninh1@mapy.cz,38 Algoma Point,New Orleans,LA,70154,504-102-3192
615,Arne,MacIlraith,amacilraithh2@webs.com,97 Leroy Street,Kansas City,MO,64153,816-598-3221
616,Eward,Viger,evigerh3@weibo.com,017 Katie Park,Anchorage,AK,99522,907-594-3571
617,Waring,Pethrick,wpethrickh4@omniture.com,234 Rieder Hill,Orlando,FL,32885,407-510-1982
618,Bruis,Huckell,bhuckellh5@scientificamerican.com,8 Hudson Terrace,Lubbock,TX,79452,806-517-6358
619,Joete,Kenealy,jkenealyh6@baidu.com,36 Harper Terrace,Irving,TX,75062,214-184-0804
620,Felice,Davydkov,fdavydkovh7@arizona.edu,1 Sloan Center,Philadelphia,PA,19196,215-264-0964
621,Gaylor,Vinecombe,gvinecombeh8@huffingtonpost.com,12 Carey Pass,Richmond,VA,23203,804-823-1164
622,Freddie,Drewry,fdrewryh9@webs.com,93 Glendale Place,Jackson,MS,39282,601-353-3591
623,Dennie,Hugnet,dhugnetha@howstuffworks.com,9 Erie Drive,Norfolk,VA,23520,757-647-4874
624,Teddi,Fulks,tfulkshb@bizjournals.com,9357 Pennsylvania Avenue,Reston,VA,22096,571-439-3351
625,Talyah,Aries,tarieshc@loc.gov,70832 Nancy Crossing,Boston,MA,02114,508-978-4719
626,Maje,Gowers,mgowershd@rambler.ru,8 Arrowood Crossing,Waco,TX,76711,254-875-5288
627,Trescha,Smedley,tsmedleyhe@omniture.com,5422 Straubel Point,New York City,NY,10184,212-948-9490
628,Caddric,McGilleghole,cmcgillegholehf@rediff.com,78 Pleasure Place,Birmingham,AL,35242,205-637-9306
629,Liva,Sichardt,lsichardthg@rediff.com,4 Kingsford Plaza,Corona,CA,92878,951-266-1456
630,Gilbert,Banck,gbanckhh@1688.com,8 Rutledge Park,Chicago,IL,60674,312-670-6636
631,Daveen,Shuttle,dshuttlehi@cornell.edu,977 Thackeray Center,Columbus,OH,43284,614-127-2368
632,Ericka,Cattini,ecattinihj@icio.us,4630 Lien Circle,Naples,FL,33961,305-555-5363
633,Hamid,Melmar,hmelmarhk@marriott.com,867 South Hill,Phoenix,AZ,85083,602-374-4071
634,Gregg,Stickles,gstickleshl@nasa.gov,1 Eastlawn Circle,Springfield,IL,62764,217-824-6353
635,Dru,Possek,dpossekhm@wikispaces.com,778 Bonner Hill,Columbia,SC,29208,803-977-3612
636,Lonna,Middler,lmiddlerhn@microsoft.com,19914 Crowley Road,Ocala,FL,34474,352-215-1851
637,Ronica,Decourt,rdecourtho@shop-pro.jp,4566 Comanche Avenue,New York City,NY,10165,917-949-0051
638,Marietta,Audenis,maudenishp@1und1.de,62091 Reinke Avenue,Sioux Falls,SD,57188,605-793-7588
639,Elijah,de Savery,edesaveryhq@columbia.edu,903 Carey Park,Topeka,KS,66629,785-977-3240
640,Gearalt,Merchant,gmerchanthr@ning.com,37928 Shelley Place,Erie,PA,16522,814-371-7698
641,Bridget,Whittek,bwhittekhs@si.edu,0 Homewood Center,Shawnee Mission,KS,66286,913-757-3021
642,Gideon,Bollard,gbollardht@drupal.org,14666 Schiller Trail,Virginia Beach,VA,23459,757-319-9010
643,Max,McIvor,mmcivorhu@vinaora.com,6031 Sycamore Avenue,Manchester,NH,03105,603-680-0950
644,Harwell,Schwandermann,hschwandermannhv@yellowbook.com,25 Fair Oaks Park,Birmingham,AL,35231,205-407-7329
645,Herschel,Huffa,hhuffahw@github.com,79846 Steensland Crossing,Roanoke,VA,24009,540-351-0472
646,Loreen,Roz,lrozhx@stanford.edu,00 Basil Street,Reading,PA,19605,484-924-3019
647,Reiko,Poure,rpourehy@epa.gov,1 Delladonna Court,Decatur,IL,62525,217-207-2254
648,Ax,Simoneau,asimoneauhz@auda.org.au,5 Surrey Circle,Chicago,IL,60681,312-525-2037
649,Trula,Pincott,tpincotti0@friendfeed.com,178 Stephen Pass,Los Angeles,CA,90076,323-238-1448
650,Scotti,McMakin,smcmakini1@github.io,589 Hoffman Avenue,Cincinnati,OH,45203,513-186-9039
651,Tuckie,Tumilson,ttumilsoni2@google.es,98 Carey Terrace,Birmingham,AL,35263,205-700-4262
652,Camey,MacKain,cmackaini3@jigsy.com,8 Prairie Rose Drive,Los Angeles,CA,90081,213-464-5564
653,Nahum,Thieme,nthiemei4@dell.com,3 Ridgeway Road,Miami,FL,33142,305-169-2603
654,Hollie,Sloan,hsloani5@gnu.org,62044 Meadow Ridge Park,New York City,NY,10150,212-353-4285
655,Julienne,Gergely,jgergelyi6@amazon.co.uk,887 Logan Avenue,Boulder,CO,80310,303-926-9165
656,Sansone,Jeyness,sjeynessi7@blinklist.com,953 Basil Center,Bloomington,IL,61709,309-258-5816
657,Lottie,Duffy,lduffyi8@slashdot.org,2010 Mendota Point,San Jose,CA,95173,408-241-9576
658,Bonnie,MacIlraith,bmacilraithi9@wisc.edu,69073 Londonderry Lane,Virginia Beach,VA,23464,757-234-8535
659,Morgen,Bedenham,mbedenhamia@springer.com,0486 Troy Parkway,New Orleans,LA,70129,504-295-1805
660,Eran,De la Harpe,edelaharpeib@github.io,785 Main Trail,Clearwater,FL,33763,727-355-1228
661,Ware,Newby,wnewbyic@tripadvisor.com,42017 Talisman Junction,Bakersfield,CA,93381,661-647-4988
662,Ronna,Hedan,rhedanid@icq.com,43 6th Junction,Washington,DC,20057,202-239-0200
663,Nicol,Terney,nterneyie@goo.gl,18 Tony Parkway,San Francisco,CA,94110,415-274-9229
664,Humbert,Laurenzi,hlaurenziif@meetup.com,07426 Orin Junction,Pittsburgh,PA,15205,412-763-7735
665,Loria,Monkhouse,lmonkhouseig@ameblo.jp,6 Memorial Center,New York City,NY,10160,212-203-2151
666,Oralle,Botterman,obottermanih@youku.com,6638 Knutson Point,Phoenix,AZ,85072,602-833-0307
667,Cherilynn,Fydoe,cfydoeii@state.tx.us,449 Cascade Park,Sioux Falls,SD,57193,605-853-8389
668,Kenn,Raeside,kraesideij@whitehouse.gov,5 Moose Way,Waco,TX,76705,254-741-8553
669,Shelley,McIlory,smciloryik@mediafire.com,0322 Springview Point,Seminole,FL,34642,941-504-3180
670,Uta,Cockcroft,ucockcroftil@baidu.com,28 Coleman Alley,Houston,TX,77020,281-516-8644
671,Colet,Arendsen,carendsenim@amazon.com,7659 Miller Street,Augusta,GA,30919,706-331-2117
672,Aguste,Grob,agrobin@printfriendly.com,4037 Independence Trail,Newark,NJ,07195,862-212-6382
673,Dimitry,Ipgrave,dipgraveio@eepurl.com,07 Fallview Place,Tacoma,WA,98447,253-798-6085
674,Chrysa,Paullin,cpaullinip@japanpost.jp,492 Anzinger Road,Cincinnati,OH,45296,513-102-5146
675,Walsh,Lindstedt,wlindstedtiq@microsoft.com,287 Truax Point,Monroe,LA,71208,318-292-1141
676,Tiertza,Tulley,ttulleyir@blogtalkradio.com,75 Bunker Hill Alley,Fort Worth,TX,76129,817-465-1010
677,Bayard,Kidson,bkidsonis@hatena.ne.jp,11 Golden Leaf Parkway,Dayton,OH,45470,937-453-3960
678,Joane,Lambeth,jlambethit@macromedia.com,9 Holy Cross Pass,Greensboro,NC,27455,910-854-9886
679,Loren,Bellard,lbellardiu@jimdo.com,1893 Eliot Parkway,Lincoln,NE,68510,402-264-9219
680,Ronnie,Pates,rpatesiv@npr.org,75 Marcy Pass,Katy,TX,77493,832-888-4702
681,Willie,Kaplin,wkapliniw@feedburner.com,339 Lillian Way,Wilmington,DE,19805,302-764-9719
682,Max,Extill,mextillix@whitehouse.gov,3 Fremont Lane,Saint Petersburg,FL,33737,727-948-8601
683,Teddy,Vickerman,tvickermaniy@usatoday.com,420 Maywood Lane,Denver,CO,80279,303-566-5996
684,Birgit,Ungerer,bungereriz@samsung.com,6494 Lerdahl Center,Midland,TX,79710,432-751-0521
685,Jarad,Pedder,jpedderj0@imgur.com,80923 Superior Street,Fayetteville,NC,28305,910-663-7915
686,Regan,Sumnall,rsumnallj1@de.vu,789 Hoepker Lane,Lima,OH,45807,419-669-1371
687,Scarlet,Leeman,sleemanj2@nymag.com,4111 Westport Road,Austin,TX,78769,512-188-5134
688,Ham,Kiddell,hkiddellj3@ucla.edu,17044 Fieldstone Parkway,Washington,DC,20041,703-736-8064
689,Violetta,Buckthorp,vbuckthorpj4@linkedin.com,13769 Waywood Way,Baltimore,MD,21290,410-612-9894
690,Bengt,Futty,bfuttyj5@miitbeian.gov.cn,89646 Dottie Drive,Lexington,KY,40581,859-165-6955
691,Osbert,Puddifer,opuddiferj6@statcounter.com,333 Stone Corner Avenue,Waco,TX,76711,254-469-8897
692,Ambros,Innerstone,ainnerstonej7@ifeng.com,57549 Manley Terrace,Baltimore,MD,21282,410-134-6594
693,Oriana,Essex,oessexj8@sitemeter.com,97030 Carberry Avenue,Northridge,CA,91328,818-101-4579
694,Hedvig,Bothen,hbothenj9@360.cn,273 Algoma Street,Rockville,MD,20851,301-230-4647
695,Rakel,Noonan,rnoonanja@pcworld.com,2 Gateway Street,Norwalk,CT,06859,203-718-8575
696,Maximo,Dampier,mdampierjb@redcross.org,074 Express Parkway,Charlotte,NC,28256,704-576-0606
697,Hagan,Dagless,hdaglessjc@gizmodo.com,217 Center Pass,Grand Rapids,MI,49510,616-823-2255
698,Shelton,Healings,shealingsjd@craigslist.org,6125 Vahlen Street,Kingsport,TN,37665,423-918-6521
699,Joane,Canizares,jcanizaresje@wikimedia.org,2 Norway Maple Drive,Roanoke,VA,24009,540-967-7835
700,Celestyna,Ainslee,cainsleejf@globo.com,23134 Farwell Street,El Paso,TX,79950,915-381-8085
701,Alysa,Catford,acatfordjg@scribd.com,41 Roxbury Crossing,El Paso,TX,88579,915-366-1241
702,Nonna,Peaseman,npeasemanjh@latimes.com,227 East Trail,Roanoke,VA,24014,540-860-9761
703,Ruprecht,Wison,rwisonji@over-blog.com,11 Kingsford Lane,Sarasota,FL,34276,941-484-0558
704,Sheilakathryn,Oades,soadesjj@oaic.gov.au,6686 Buena Vista Alley,Wichita,KS,67205,316-254-1923
705,Archie,Rollinson,arollinsonjk@51.la,05 Michigan Circle,Columbia,MO,65218,573-334-4431
706,Modesty,McCurtain,mmccurtainjl@ucoz.ru,89 Magdeline Court,Baltimore,MD,21282,410-658-1027
707,Wini,Leppo,wleppojm@independent.co.uk,458 Anzinger Circle,Santa Ana,CA,92705,714-735-0943
708,Codee,Wolverson,cwolversonjn@google.cn,749 Vera Plaza,New Castle,PA,16107,724-336-0594
709,Daphene,Chasemore,dchasemorejo@psu.edu,561 John Wall Pass,Colorado Springs,CO,80935,719-206-5019
710,Cristian,Evamy,cevamyjp@hud.gov,88952 Schiller Court,Indianapolis,IN,46202,765-538-8559
711,Elnore,Williamson,ewilliamsonjq@miibeian.gov.cn,75 Glendale Pass,Cleveland,OH,44197,216-327-8687
712,Sergent,Fenning,sfenningjr@squidoo.com,021 Washington Avenue,Springfield,VA,22156,571-474-5376
713,Brant,Bonehill,bbonehilljs@elegantthemes.com,0534 Northview Trail,Richmond,VA,23228,804-269-1548
714,Maurie,Dolder,mdolderjt@phoca.cz,35 Roxbury Crossing,Tyler,TX,75710,903-479-8143
715,Sherwin,Gwatkins,sgwatkinsju@mlb.com,26 Vahlen Way,Irvine,CA,92619,949-332-8661
716,Winfield,Gathercoal,wgathercoaljv@npr.org,103 Southridge Road,Atlanta,GA,30311,678-109-0832
717,Hayden,Spiers,hspiersjw@thetimes.co.uk,4 Carioca Lane,Mesa,AZ,85215,480-369-1734
718,Homerus,Blakeway,hblakewayjx@guardian.co.uk,38 Grim Hill,Detroit,MI,48211,810-924-8282
719,Guss,Scamel,gscameljy@state.tx.us,72 Jay Road,Bethesda,MD,20892,301-336-0713
720,Arlette,Asson,aassonjz@va.gov,06345 Prentice Court,Charleston,WV,25313,304-813-9932
721,Goldarina,Chatwood,gchatwoodk0@mapquest.com,58 Farwell Drive,Flint,MI,48505,810-144-2133
722,Fernande,Yancey,fyanceyk1@ustream.tv,08 Prairieview Circle,Kansas City,MO,64109,816-790-6626
723,Roddie,Pauletto,rpaulettok2@barnesandnoble.com,21309 Duke Court,Birmingham,AL,35285,205-593-3521
724,Nolana,Jouannisson,njouannissonk3@prlog.org,5 Schurz Pass,Midland,TX,79705,432-258-2566
725,Jordon,Agates,jagatesk4@google.nl,2268 Bashford Hill,Atlanta,GA,30311,404-346-9097
726,Casi,Molfino,cmolfinok5@xinhuanet.com,0813 Fairview Alley,San Antonio,TX,78260,830-231-1042
727,Say,Dell Casa,sdellcasak6@ucla.edu,1 Hooker Way,Silver Spring,MD,20904,301-682-0589
728,Cymbre,McLardie,cmclardiek7@ebay.co.uk,2 Melvin Trail,Whittier,CA,90605,626-997-1890
729,Mitch,Petrillo,mpetrillok8@cloudflare.com,025 Spenser Drive,Dallas,TX,75260,214-789-1156
730,Charo,Caudwell,ccaudwellk9@hibu.com,1 Memorial Center,North Hollywood,CA,91606,818-217-3662
731,Almira,Tome,atomeka@disqus.com,2136 Orin Terrace,Springfield,OH,45505,937-780-3783
732,Harrietta,Banke,hbankekb@comsenz.com,6 Harper Street,San Diego,CA,92110,858-790-5575
733,Cherey,Skeene,cskeenekc@admin.ch,19 Schiller Hill,Green Bay,WI,54305,920-322-9383
734,Obadias,Brunicke,obrunickekd@eventbrite.com,7 Debs Way,Santa Clara,CA,95054,408-382-8633
735,Ches,Ick,cickke@about.com,51803 Dottie Avenue,Terre Haute,IN,47805,812-809-0029
736,Locke,Fiorentino,lfiorentinokf@tinypic.com,70 Green Terrace,Oxnard,CA,93034,805-321-1653
737,Melania,Perrett,mperrettkg@army.mil,3 Hudson Lane,Pittsburgh,PA,15235,724-196-9057
738,Wernher,Janovsky,wjanovskykh@webnode.com,192 Parkside Crossing,Oklahoma City,OK,73190,405-376-4989
739,Giulio,Gouch,ggouchki@yolasite.com,88687 Ludington Parkway,Long Beach,CA,90847,562-489-0884
740,Kip,Imms,kimmskj@histats.com,71746 Sutherland Circle,Chicago,IL,60636,312-505-3971
741,Rees,Arnaldi,rarnaldikk@latimes.com,93 Delaware Road,Cleveland,OH,44191,216-955-5509
742,Cobbie,Beaven,cbeavenkl@comcast.net,84 Spenser Crossing,Sioux Falls,SD,57188,605-842-9223
743,Hildagarde,Senecaut,hsenecautkm@sfgate.com,2200 Lake View Hill,Fresno,CA,93762,559-245-3482
744,Igor,Bissett,ibissettkn@spiegel.de,7 Hauk Center,Spokane,WA,99260,509-522-4780
745,Cinnamon,Kennaird,ckennairdko@csmonitor.com,970 Ruskin Alley,Charlotte,NC,28230,704-511-3916
746,Margaretha,Grimwood,mgrimwoodkp@geocities.com,3957 Forest Run Place,Lynchburg,VA,24515,434-659-9010
747,Edan,Osbaldstone,eosbaldstonekq@indiegogo.com,02 Forster Street,Philadelphia,PA,19151,215-274-8719
748,Abra,Bickersteth,abickerstethkr@domainmarket.com,910 Lawn Place,Montgomery,AL,36114,334-535-8027
749,Jillana,Titt,jtittks@zimbio.com,2422 Golf Course Park,Montgomery,AL,36119,334-976-2648
750,Hilario,Manuely,hmanuelykt@salon.com,8 Badeau Pass,Edmond,OK,73034,405-892-6747
751,Leland,Pocklington,lpocklingtonku@apache.org,85557 Jackson Junction,Oakland,CA,94622,510-894-3044
752,Roxy,Pascho,rpaschokv@sitemeter.com,7413 Lake View Trail,Newton,MA,02458,857-900-6404
753,Marvin,Sainsbury,msainsburykw@ameblo.jp,38 Hanson Park,Killeen,TX,76544,254-258-6195
754,Jillie,Shyram,jshyramkx@earthlink.net,5 Grasskamp Trail,San Antonio,TX,78265,210-425-9974
755,Jonas,Gash,jgashky@eventbrite.com,2933 Karstens Lane,Springfield,IL,62764,217-422-4985
756,Maggy,Westhoff,mwesthoffkz@jiathis.com,143 Sunbrook Pass,Charleston,WV,25321,304-538-0598
757,Roxana,St Ledger,rstledgerl0@yellowpages.com,490 Harper Alley,Cincinnati,OH,45218,513-354-2778
758,Burg,Smails,bsmailsl1@usatoday.com,2 Hoepker Drive,New Orleans,LA,70160,504-909-7291
759,Joan,Pierro,jpierrol2@soup.io,857 International Alley,Lake Worth,FL,33462,561-873-7319
760,Filbert,McKane,fmckanel3@simplemachines.org,245 Veith Terrace,Jamaica,NY,11447,718-544-9082
761,Dorelle,Scini,dscinil4@goo.gl,2 Norway Maple Trail,San Antonio,TX,78220,210-372-0833
762,Ruby,Howden,rhowdenl5@ucoz.com,6 Roxbury Court,Harrisburg,PA,17140,717-591-8088
763,Frieda,Gockelen,fgockelenl6@delicious.com,5705 Gale Plaza,Cambridge,MA,02142,978-183-4809
764,Sibby,Thomesson,sthomessonl7@cbsnews.com,5 Straubel Road,El Paso,TX,79968,915-416-5743
765,Lorilyn,Paskins,lpaskinsl8@unblog.fr,03459 Beilfuss Pass,Springfield,OH,45505,937-238-0617
766,Lana,Danielli,ldaniellil9@de.vu,528 Warner Avenue,Houston,TX,77095,281-874-5936
767,Drake,Prys,dprysla@google.de,54368 Schlimgen Park,Sacramento,CA,94257,916-263-8125
768,Clementine,Bunton,cbuntonlb@ovh.net,51 Melby Crossing,Brooklyn,NY,11220,718-425-7372
769,Trip,Rihanek,trihaneklc@pcworld.com,949 Basil Crossing,Prescott,AZ,86305,520-388-6840
770,Florina,Farryann,ffarryannld@businessinsider.com,92 Lake View Pass,Tacoma,WA,98464,253-390-8149
771,Wendi,Lanfer,wlanferle@zimbio.com,4 Green Ridge Point,Washington,DC,20231,202-599-5612
772,Hilary,Littlewood,hlittlewoodlf@usda.gov,712 Cordelia Court,San Diego,CA,92145,858-920-2047
773,Brodie,Brute,bbrutelg@sourceforge.net,56101 Ronald Regan Place,Huntington,WV,25705,304-215-2352
774,Ernie,Cropp,ecropplh@hostgator.com,298 Mendota Circle,Springfield,VA,22156,571-361-1318
775,Kylen,Martinet,kmartinetli@sfgate.com,02174 Cody Circle,Milwaukee,WI,53220,414-434-4997
776,Druci,Giacometti,dgiacomettilj@wikipedia.org,6 Sycamore Road,Arlington,TX,76096,817-812-9975
777,Armin,Grunson,agrunsonlk@free.fr,2428 Riverside Center,Sacramento,CA,95828,916-281-9783
778,Mord,Schlagh,mschlaghll@nps.gov,54821 Spenser Terrace,Charlotte,NC,28205,704-934-7608
779,Dina,Hardeman,dhardemanlm@weebly.com,99364 Blaine Court,Salt Lake City,UT,84125,801-206-4109
780,Ezri,McClary,emcclaryln@flavors.me,352 Gerald Hill,Fort Myers,FL,33906,239-129-0061
781,Winfield,Pettersen,wpettersenlo@patch.com,2144 Cambridge Lane,Louisville,KY,40287,502-352-7709
782,Osborn,Antecki,oanteckilp@homestead.com,206 Fremont Hill,Buffalo,NY,14220,716-373-4330
783,Jandy,Leigh,jleighlq@fema.gov,46294 Karstens Center,Saint Cloud,MN,56372,320-356-7683
784,Nerita,Coleson,ncolesonlr@yale.edu,1709 Roth Crossing,Richmond,VA,23242,804-264-0824
785,Jeniece,Buttrey,jbuttreyls@nasa.gov,79995 Bunker Hill Crossing,Saint Paul,MN,55123,952-644-9357
786,Kriste,Drury,kdrurylt@unicef.org,24448 Hoepker Plaza,Raleigh,NC,27626,919-211-3355
787,Bonnee,Soule,bsoulelu@techcrunch.com,42 7th Lane,York,PA,17405,717-358-7580
788,Stavros,Rait,sraitlv@ameblo.jp,6691 Redwing Avenue,Colorado Springs,CO,80935,719-523-6848
789,Samson,Foxwell,sfoxwelllw@mtv.com,3195 Maywood Court,Dallas,TX,75323,214-178-6025
790,Yetta,Windress,ywindresslx@springer.com,72859 Jenna Center,Boise,ID,83722,208-164-2600
791,Jenni,Pollastrino,jpollastrinoly@opensource.org,7 West Hill,Omaha,NE,68197,402-172-2193
792,Fancie,Shillabeer,fshillabeerlz@amazon.co.uk,39 Sage Lane,Peoria,IL,61656,309-262-5870
793,Meara,Pinckney,mpinckneym0@fotki.com,38811 Thierer Crossing,Lynchburg,VA,24515,434-264-0265
794,Cathleen,MacConneely,cmacconneelym1@ibm.com,8457 Sunbrook Park,El Paso,TX,88535,915-930-0548
795,Celisse,Teanby,cteanbym2@issuu.com,229 Bartillon Junction,Houston,TX,77245,713-918-1039
796,Auguste,Barenskie,abarenskiem3@boston.com,11 Fisk Pass,Rochester,MN,55905,507-899-9775
797,Kiersten,Gaye,kgayem4@weibo.com,63 2nd Plaza,Sarasota,FL,34233,941-195-1417
798,Kellia,Trueman,ktruemanm5@woothemes.com,24 Northridge Hill,Macon,GA,31205,478-504-6376
799,Pandora,Mathonnet,pmathonnetm6@sfgate.com,501 Corry Drive,Newark,NJ,07195,862-337-3034
800,Jazmin,Scarff,jscarffm7@dell.com,3 Hagan Street,Indianapolis,IN,46207,317-974-9213
801,Kerstin,Espinoza,kespinozam8@webs.com,30 Farragut Circle,Seattle,WA,98166,206-687-6984
802,Katine,Hallstone,khallstonem9@marriott.com,238 Mosinee Drive,Trenton,NJ,08650,609-301-1190
803,Elsa,Latus,elatusma@mediafire.com,6 Dawn Avenue,Sacramento,CA,94297,916-682-9344
804,Byran,Brizell,bbrizellmb@redcross.org,8619 Corscot Street,San Diego,CA,92121,858-358-3576
805,Annnora,Philips,aphilipsmc@pagesperso-orange.fr,2 Prentice Park,Green Bay,WI,54313,920-197-6136
806,Sollie,Van Leijs,svanleijsmd@msn.com,3 Elmside Plaza,Minneapolis,MN,55480,612-606-3575
807,Dionis,McLoughlin,dmcloughlinme@linkedin.com,80998 Meadow Vale Pass,Los Angeles,CA,90005,323-176-7834
808,Debi,Tonnesen,dtonnesenmf@gmpg.org,539 Westport Street,Saint Paul,MN,55188,651-941-8579
809,El,Brabham,ebrabhammg@google.ru,9247 Truax Way,New York City,NY,10292,212-959-1492
810,Fabe,Castille,fcastillemh@arstechnica.com,304 Caliangt Trail,Washington,DC,20238,202-298-4579
811,Constanta,Vickors,cvickorsmi@reuters.com,182 Buena Vista Hill,Santa Ana,CA,92705,310-948-8729
812,Gilli,Venturoli,gventurolimj@dmoz.org,59988 Logan Terrace,Laurel,MD,20709,301-304-2825
813,Patrizio,Brechin,pbrechinmk@google.ru,591 Amoth Drive,Washington,DC,20238,202-335-7045
814,Shirley,Langlois,slangloisml@topsy.com,173 Gale Way,Hartford,CT,06140,860-841-0926
815,Marius,Croker,mcrokermm@soundcloud.com,24438 Evergreen Drive,Tyler,TX,75799,903-296-7160
816,Marilee,McElree,mmcelreemn@printfriendly.com,6323 Darwin Plaza,Grand Rapids,MI,49518,616-274-7948
817,Raychel,Cuppitt,rcuppittmo@twitpic.com,07 Thompson Alley,Erie,PA,16522,814-426-2334
818,Donetta,Darlasson,ddarlassonmp@ask.com,1 Burrows Crossing,Shreveport,LA,71130,318-514-9290
819,Amalle,Sultan,asultanmq@rambler.ru,0937 Grasskamp Lane,High Point,NC,27264,336-289-5948
820,Leanor,Denecamp,ldenecampmr@google.pl,75 Debs Avenue,West Palm Beach,FL,33411,561-260-1434
821,Adler,Brandel,abrandelms@typepad.com,11 Almo Lane,South Bend,IN,46634,574-225-4851
822,North,Syms,nsymsmt@purevolume.com,876 Muir Road,Philadelphia,PA,19191,215-622-5296
823,Rachael,Kevlin,rkevlinmu@barnesandnoble.com,16933 Armistice Lane,Syracuse,NY,13217,315-951-5964
824,Torin,Condict,tcondictmv@latimes.com,388 Loeprich Pass,New York City,NY,10024,917-324-8418
825,Orv,Kidds,okiddsmw@youtube.com,3666 Union Park,New York City,NY,10249,212-641-3336
826,Wandis,Gloves,wglovesmx@issuu.com,942 Menomonie Alley,Fresno,CA,93750,559-229-9462
827,Maxine,Barsby,mbarsbymy@mail.ru,0 Bobwhite Place,Winston Salem,NC,27116,336-205-7263
828,Tally,Lipsett,tlipsettmz@w3.org,2 Londonderry Circle,Albuquerque,NM,87110,505-515-8675
829,Jenica,Darnbrook,jdarnbrookn0@so-net.ne.jp,596 Fieldstone Parkway,Wichita,KS,67215,316-476-3908
830,Alejandra,Goddert.sf,agoddertsfn1@techcrunch.com,81672 Ridgeview Lane,Anniston,AL,36205,256-809-7222
831,Dmitri,Szwandt,dszwandtn2@issuu.com,4 Montana Junction,Seattle,WA,98133,206-174-8733
832,Artemus,Blacket,ablacketn3@drupal.org,5 Kedzie Alley,Milwaukee,WI,53277,414-822-4318
833,Pall,Swansborough,pswansboroughn4@unc.edu,96 La Follette Terrace,Saint Joseph,MO,64504,816-651-9836
834,Carleton,Burbury,cburburyn5@acquirethisname.com,2 Delladonna Hill,Warren,MI,48092,810-571-6225
835,Oralla,Terney,oterneyn6@freewebs.com,7908 Mallard Street,Colorado Springs,CO,80951,719-356-6334
836,Nadine,Floyd,nfloydn7@nationalgeographic.com,8 Bartelt Plaza,Ogden,UT,84409,801-962-6196
837,Rachael,Pringuer,rpringuern8@flickr.com,2 Montana Avenue,Minneapolis,MN,55407,651-985-3849
838,Ilysa,Tarren,itarrenn9@dailymotion.com,39 Charing Cross Park,San Jose,CA,95128,714-850-8473
839,Florette,Bransom,fbransomna@statcounter.com,499 Daystar Park,Cincinnati,OH,45203,513-421-5476
840,Zacharias,Andrault,zandraultnb@yahoo.co.jp,58519 Claremont Hill,Salt Lake City,UT,84125,801-212-2222
841,Catherine,Terzo,cterzonc@noaa.gov,4877 Hanover Hill,Falls Church,VA,22047,571-679-4831
842,Lindy,Meritt,lmerittnd@themeforest.net,460 Stone Corner Avenue,San Antonio,TX,78245,830-595-0272
843,Delphine,Fieldsend,dfieldsendne@flickr.com,3905 Russell Parkway,Tampa,FL,33680,813-374-1990
844,Koo,Locarno,klocarnonf@google.es,735 Hallows Crossing,Lynchburg,VA,24503,434-881-2227
845,Frederich,Leggatt,fleggattng@aboutads.info,406 Graceland Crossing,Athens,GA,30605,706-551-0559
846,Hamil,Church,hchurchnh@umn.edu,2 Sutteridge Terrace,Anchorage,AK,99599,907-177-1090
847,Chiquita,Goldine,cgoldineni@blog.com,77 Monument Court,Miami,FL,33142,954-555-7957
848,Halette,Volage,hvolagenj@whitehouse.gov,48453 Fallview Court,Charleston,SC,29424,843-360-8007
849,Darby,Breeze,dbreezenk@addthis.com,3 Roxbury Lane,Denver,CO,80228,303-119-4333
850,Fairlie,Zorro,fzorronl@nba.com,39318 Waxwing Way,El Paso,TX,79923,915-821-3709
851,Dory,Labuschagne,dlabuschagnenm@tamu.edu,69 Mcbride Avenue,Jersey City,NJ,07310,551-433-3954
852,Tina,Hurn,thurnnn@opera.com,8303 Hoffman Terrace,Miami,FL,33261,305-778-9493
853,Hali,Atwell,hatwellno@ustream.tv,4152 Mayer Parkway,Vancouver,WA,98687,360-791-0242
854,Benjie,Staples,bstaplesnp@dot.gov,3551 Hoard Park,Newark,NJ,07195,862-852-6879
855,Maurise,Pappin,mpappinnq@reddit.com,502 Kensington Point,Las Vegas,NV,89178,702-699-5643
856,Gilberta,Sign,gsignnr@lycos.com,188 Graedel Place,New Orleans,LA,70149,504-461-4504
857,Juliann,Lampel,jlampelns@ibm.com,452 Warbler Avenue,Anniston,AL,36205,256-221-9985
858,Wilhelmina,Fowgies,wfowgiesnt@acquirethisname.com,97308 Armistice Alley,Olympia,WA,98506,360-414-8354
859,Dena,Cabrera,dcabreranu@ftc.gov,913 Loeprich Drive,Detroit,MI,48206,810-513-0481
860,Kippy,Bruni,kbruninv@twitpic.com,26098 Wayridge Park,Jamaica,NY,11431,212-564-2417
861,Ruperto,Umpleby,rumplebynw@tumblr.com,5 Hooker Hill,Oklahoma City,OK,73142,405-739-7400
862,Carly,Solomon,csolomonnx@shop-pro.jp,8820 Forster Hill,Newton,MA,02458,857-926-9571
863,Loraine,Faraker,lfarakerny@ox.ac.uk,8 Meadow Vale Parkway,Grand Rapids,MI,49510,616-789-9348
864,Dorine,Ferrick,dferricknz@com.com,8498 Wayridge Street,Sarasota,FL,34233,941-303-0765
865,Culver,Harvison,charvisono0@twitpic.com,27 Kensington Road,Albuquerque,NM,87180,505-292-5973
866,Kenton,Emburey,kembureyo1@linkedin.com,8 Commercial Park,Gainesville,FL,32627,352-360-4613
867,Friedrich,Tallach,ftallacho2@dedecms.com,136 Reindahl Way,Evansville,IN,47705,812-855-7711
868,Gael,Gouldbourn,ggouldbourno3@nydailynews.com,05459 La Follette Pass,San Mateo,CA,94405,805-831-2124
869,Lizabeth,Creagh,lcreagho4@telegraph.co.uk,6 Leroy Junction,Loretto,MN,55598,763-976-6105
870,Othilia,Bull,obullo5@mit.edu,8 Dwight Place,Washington,DC,20380,202-200-1384
871,Vonny,Neary,vnearyo6@japanpost.jp,1817 Buell Avenue,Bakersfield,CA,93311,661-349-9249
872,Nigel,Mattschas,nmattschaso7@comsenz.com,0 Porter Hill,Dallas,TX,75353,214-625-8769
873,Aloysia,McElvogue,amcelvogueo8@yolasite.com,1 West Road,Washington,DC,20470,202-515-1730
874,Boonie,Scoular,bscoularo9@bbb.org,5 Old Shore Avenue,San Diego,CA,92132,619-401-8740
875,Neila,Golde,ngoldeoa@ibm.com,21 Independence Way,San Jose,CA,95194,408-788-7036
876,Skippie,McElory,smceloryob@sina.com.cn,8 Forest Dale Hill,Orange,CA,92867,949-973-6522
877,Tedmund,Fragino,tfraginooc@fotki.com,34 Carey Avenue,Scranton,PA,18505,570-176-2704
878,Danella,Bangs,dbangsod@scribd.com,3936 Aberg Trail,Cincinnati,OH,45999,513-306-4003
879,Kippy,Nequest,knequestoe@t.co,28 Sloan Point,Miami,FL,33190,305-485-2836
880,Rochella,Swayne,rswayneof@nba.com,29 Continental Avenue,Pasadena,CA,91199,626-854-6285
881,Kippar,Timmins,ktimminsog@tumblr.com,5283 Delaware Terrace,El Paso,TX,88558,915-107-4493
882,Hailey,D'Oyly,hdoylyoh@facebook.com,351 Pleasure Hill,Hartford,CT,06145,860-717-7467
883,Brianne,Geck,bgeckoi@w3.org,04 Stang Avenue,White Plains,NY,10633,914-299-8561
884,Adriane,Durrant,adurrantoj@odnoklassniki.ru,3 Kensington Center,Flint,MI,48550,810-426-4987
885,Taryn,Algate,talgateok@illinois.edu,1970 Derek Drive,Washington,DC,20238,202-702-0710
886,Jamima,Beaudry,jbeaudryol@msu.edu,2825 Valley Edge Terrace,Columbus,GA,31904,706-243-0564
887,Ellen,Firebrace,efirebraceom@examiner.com,19 School Trail,Naples,FL,34102,941-962-7861
888,Jody,Horsewood,jhorsewoodon@liveinternet.ru,85910 Miller Junction,New York City,NY,10280,347-248-4411
889,Selena,Schultz,sschultzoo@tumblr.com,9 Forest Run Drive,Las Vegas,NV,89135,702-299-9237
890,Livvyy,Hamsley,lhamsleyop@google.com.au,09211 Esker Junction,Daytona Beach,FL,32123,386-523-0923
891,Bette-ann,Doddemeede,bdoddemeedeoq@ehow.com,92 Fuller Drive,Lake Charles,LA,70607,337-742-2991
892,Farrell,Janoschek,fjanoschekor@hatena.ne.jp,50650 Porter Street,Orlando,FL,32803,321-737-3891
893,Morissa,Sired,msiredos@ifeng.com,8 Glacier Hill Place,New York City,NY,10165,646-917-4690
894,Dacey,Ducham,dduchamot@cnbc.com,9711 Westerfield Alley,Muncie,IN,47306,765-173-3147
895,Averyl,Windmill,awindmillou@oakley.com,408 Nelson Center,Cincinnati,OH,45213,513-268-1091
896,Steffie,de Werk,sdewerkov@blogger.com,2 Larry Plaza,Oakland,CA,94622,510-729-6089
897,Nicolis,Canete,ncaneteow@imageshack.us,7295 Barby Junction,San Diego,CA,92105,619-199-6577
898,Xenos,Badam,xbadamox@t-online.de,233 Twin Pines Crossing,San Antonio,TX,78210,210-259-9015
899,Jerri,Chafer,jchaferoy@washingtonpost.com,00 Center Point,Los Angeles,CA,90055,213-627-1114
900,Ruthe,Mixworthy,rmixworthyoz@clickbank.net,6 Spaight Crossing,Tallahassee,FL,32304,850-221-3590
901,Dorie,Buxy,dbuxyp0@free.fr,12469 Russell Avenue,Baton Rouge,LA,70894,225-212-3170
902,Bird,Ruger,brugerp1@mail.ru,6 Mallard Center,Duluth,GA,30195,770-396-3654
903,Bessie,McGerr,bmcgerrp2@tamu.edu,10 Fallview Park,Minneapolis,MN,55423,763-434-7179
904,Irv,Samett,isamettp3@princeton.edu,94 Charing Cross Terrace,Sacramento,CA,94286,916-247-7009
905,Nanon,O'Keenan,nokeenanp4@china.com.cn,0 Bayside Terrace,Omaha,NE,68179,402-310-2301
906,Norman,Cornelis,ncornelisp5@engadget.com,85 Bay Parkway,Albany,NY,12205,518-320-0575
907,Agathe,Firman,afirmanp6@sohu.com,934 Lakeland Parkway,Chicago,IL,60686,312-106-2294
908,Romona,Georghiou,rgeorghioup7@go.com,65618 Petterle Terrace,Washington,DC,20575,202-839-8982
909,Russ,Shovlar,rshovlarp8@yandex.ru,8 Dottie Alley,Kansas City,KS,66160,913-567-9124
910,Leonidas,Orans,loransp9@yolasite.com,86297 Golf Course Junction,Decatur,GA,30033,678-117-9704
911,Tammy,Carlsson,tcarlssonpa@state.tx.us,06133 Little Fleur Terrace,Tyler,TX,75705,903-615-7295
912,Flem,Endicott,fendicottpb@dropbox.com,4420 Haas Street,Miami,FL,33190,786-455-1382
913,Starr,Shevels,sshevelspc@usgs.gov,2 Truax Lane,Sioux Falls,SD,57198,605-639-3390
914,Cayla,Andrieux,candrieuxpd@purevolume.com,35629 Maple Wood Park,West Palm Beach,FL,33416,561-157-1506
915,Janeen,Arnauduc,jarnauducpe@jigsy.com,9 Debs Alley,Fort Worth,TX,76115,817-129-1028
916,Dallon,Hemphill,dhemphillpf@buzzfeed.com,243 Ilene Junction,Winston Salem,NC,27157,336-888-5057
917,Rice,Tellenbroker,rtellenbrokerpg@archive.org,53720 Merry Point,New York City,NY,10125,212-338-7848
918,Terrel,Sturney,tsturneyph@dedecms.com,127 Clove Way,Mobile,AL,36610,251-388-7533
919,Ailene,Stampe,astampepi@walmart.com,0 Warner Lane,Topeka,KS,66667,785-848-0947
920,Bevan,Glewe,bglewepj@pbs.org,9 Carey Crossing,San Francisco,CA,94121,858-816-1463
921,Eadmund,Bogie,ebogiepk@slashdot.org,6381 Mockingbird Drive,Jersey City,NJ,07310,551-776-9869
922,Erek,Applegarth,eapplegarthpl@wikimedia.org,505 Clyde Gallagher Way,Saint Petersburg,FL,33742,727-364-1022
923,Bette,Schall,bschallpm@house.gov,54039 La Follette Point,Charleston,SC,29411,843-169-1669
924,Dewie,Satyford,dsatyfordpn@ebay.com,009 Vermont Crossing,Springfield,IL,62711,217-921-7169
925,Kaleb,Askie,kaskiepo@hhs.gov,86 Kings Alley,Bronx,NY,10464,718-647-0629
926,Franky,McGaw,fmcgawpp@linkedin.com,5770 Corben Drive,Saint Louis,MO,63169,314-173-2237
927,Antonius,Vasnev,avasnevpq@guardian.co.uk,2291 Michigan Circle,Atlanta,GA,30316,404-924-8422
928,Maison,Godsil,mgodsilpr@nationalgeographic.com,15306 Rutledge Way,San Diego,CA,92110,619-895-9649
929,Raffaello,Thrustle,rthrustleps@domainmarket.com,22 Arapahoe Road,Jersey City,NJ,07305,201-808-6740
930,Zebulon,Esson,zessonpt@blinklist.com,9115 Sutteridge Lane,Houston,TX,77299,713-177-2468
931,Sharyl,Winley,swinleypu@house.gov,6 Talisman Court,Washington,DC,20036,202-461-6702
932,Legra,Kleinmann,lkleinmannpv@addtoany.com,94992 Stone Corner Hill,Anchorage,AK,99599,907-728-0498
933,Miof mela,Deeves,mdeevespw@yahoo.com,06598 Farmco Lane,Monticello,MN,55590,763-860-0370
934,Gavra,Jendrusch,gjendruschpx@technorati.com,07 Warbler Point,Montgomery,AL,36114,334-680-0125
935,Shell,Speake,sspeakepy@devhub.com,401 Bay Road,Indianapolis,IN,46239,317-356-0907
936,Raymund,Kelby,rkelbypz@state.gov,3555 Steensland Way,Punta Gorda,FL,33982,941-388-7493
937,Tania,Charteris,tcharterisq0@chicagotribune.com,2 3rd Way,Oakland,CA,94616,415-414-8389
938,Andriana,Gossling,agosslingq1@google.de,098 Meadow Vale Street,Biloxi,MS,39534,228-866-2799
939,Henryetta,Shillito,hshillitoq2@example.com,87071 Debs Alley,Philadelphia,PA,19151,215-730-6372
940,Etienne,Willoway,ewillowayq3@utexas.edu,570 School Street,Palm Bay,FL,32909,321-614-8237
941,Giana,Buxy,gbuxyq4@elegantthemes.com,0 Meadow Vale Circle,Peoria,IL,61651,309-361-4403
942,Hurleigh,Muscat,hmuscatq5@theatlantic.com,52312 Arrowood Parkway,Temple,TX,76505,254-958-8249
943,Sasha,Swallow,sswallowq6@deviantart.com,1016 Rigney Way,Bradenton,FL,34205,941-785-2341
944,Rodrigo,Elan,relanq7@mediafire.com,25 Harbort Trail,Dallas,TX,75353,214-490-8702
945,Drusie,Caras,dcarasq8@bigcartel.com,70 Hollow Ridge Plaza,Los Angeles,CA,90025,818-886-3852
946,Morrie,Coldwell,mcoldwellq9@ifeng.com,2127 Ruskin Way,Montgomery,AL,36104,334-284-6887
947,Jeralee,Corsor,jcorsorqa@usatoday.com,68 Mendota Park,New York City,NY,10170,646-128-9060
948,Kent,Polotti,kpolottiqb@friendfeed.com,07365 Kennedy Pass,Waco,TX,76796,254-628-2249
949,Gardie,Kave,gkaveqc@archive.org,8278 Melrose Road,Detroit,MI,48232,313-637-8470
950,Marieann,Gofforth,mgofforthqd@about.com,83 Eggendart Circle,Spokane,WA,99210,509-613-6141
951,Franny,Boyne,fboyneqe@reuters.com,2 Sachtjen Point,Cedar Rapids,IA,52405,319-405-8609
952,Ransom,Ducrow,rducrowqf@nytimes.com,80 Corscot Alley,Knoxville,TN,37931,865-542-0919
953,Angelika,Vedmore,avedmoreqg@google.nl,18152 Dottie Plaza,New York City,NY,10090,212-237-3096
954,Ansel,Icom,aicomqh@berkeley.edu,25 Corry Lane,El Paso,TX,88558,915-293-2980
955,Maxie,Ulster,mulsterqi@timesonline.co.uk,7483 Dayton Street,Pittsburgh,PA,15225,412-663-5449
956,Prisca,McCarty,pmccartyqj@theatlantic.com,36 Mitchell Center,Arlington,VA,22217,571-183-8414
957,Denver,Bortoloni,dbortoloniqk@twitter.com,0706 Lukken Park,Chicago,IL,60674,312-169-7459
958,Cherri,Langmaid,clangmaidql@craigslist.org,0 Anniversary Lane,Spartanburg,SC,29319,864-175-3870
959,Alphard,Chicotti,achicottiqm@disqus.com,26994 Ohio Center,Indianapolis,IN,46202,317-654-0331
960,Ingram,Dilawey,idilaweyqn@fda.gov,4 Northport Circle,Chicago,IL,60624,312-828-7317
961,Holly-anne,Starsmeare,hstarsmeareqo@google.pl,9 Dorton Street,El Paso,TX,79994,915-971-4785
962,Paula,Chooter,pchooterqp@msn.com,4 Barby Terrace,Kansas City,MO,64101,816-905-3952
963,Norina,Grogor,ngrogorqq@vkontakte.ru,4 Manufacturers Road,Saint Louis,MO,63121,314-354-5499
964,Cathyleen,Condon,ccondonqr@sohu.com,1 Schmedeman Road,Waterbury,CT,06726,203-243-2814
965,Samuele,Shewsmith,sshewsmithqs@hud.gov,89 Walton Way,Indianapolis,IN,46216,317-882-3892
966,Hetty,Speirs,hspeirsqt@4shared.com,5 Clarendon Way,Scranton,PA,18505,570-450-4465
967,Joela,Nares,jnaresqu@jigsy.com,99 Melody Road,Newark,NJ,07112,201-718-5725
968,Zachary,Dullaghan,zdullaghanqv@woothemes.com,76 Lien Circle,Dallas,TX,75397,214-459-4547
969,Iolande,Huygens,ihuygensqw@vkontakte.ru,71 Washington Circle,Sioux Falls,SD,57105,605-173-5654
970,Brade,Sellors,bsellorsqx@cmu.edu,4 Maple Wood Crossing,Charlotte,NC,28235,704-180-2830
971,Almeria,Scotsbrook,ascotsbrookqy@edublogs.org,79 Brentwood Street,Louisville,KY,40250,502-487-0251
972,Ricard,Christal,rchristalqz@slideshare.net,948 Blackbird Court,Las Vegas,NV,89160,702-524-4840
973,Emilie,Gredden,egreddenr0@jigsy.com,88 Kensington Avenue,Riverside,CA,92519,951-628-3252
974,Andonis,Smart,asmartr1@example.com,9903 Amoth Street,Lincoln,NE,68510,402-135-7499
975,Connor,Cathrae,ccathraer2@alibaba.com,8829 Fuller Circle,Jamaica,NY,11436,718-812-2159
976,Osmund,Hurring,ohurringr3@youku.com,3305 Delladonna Circle,El Paso,TX,88530,915-595-5351
977,Elvira,Greenhowe,egreenhower4@sciencedirect.com,40638 Elgar Trail,Waterbury,CT,06726,203-201-1849
978,Jayne,Alves,jalvesr5@storify.com,99905 Golf Way,Pasadena,CA,91199,626-782-5869
979,Helene,Cranton,hcrantonr6@amazon.com,95604 Debs Park,Alexandria,VA,22313,571-731-3242
980,Shane,Buckston,sbuckstonr7@mayoclinic.com,7980 Namekagon Court,Detroit,MI,48211,734-257-6776
981,Wayne,Reichert,wreichertr8@home.pl,58344 Annamark Way,Petaluma,CA,94975,707-667-8263
982,Clareta,Matteini,cmatteinir9@theguardian.com,26 Loftsgordon Avenue,Los Angeles,CA,90081,213-694-9747
983,Cynthie,Betteson,cbettesonra@quantcast.com,97482 Ronald Regan Junction,Cincinnati,OH,45254,513-717-4331
984,Luella,McOrkill,lmcorkillrb@dedecms.com,426 Artisan Pass,Hartford,CT,06105,203-633-0332
985,Graig,Sichardt,gsichardtrc@webeden.co.uk,7 Vernon Point,Irving,TX,75062,214-358-4027
986,Collie,Fishly,cfishlyrd@nba.com,880 Sycamore Court,Fort Lauderdale,FL,33315,954-857-7066
987,Maiga,Brawson,mbrawsonre@wp.com,5 Heffernan Court,San Francisco,CA,94137,415-879-8579
988,Smitty,Houldin,shouldinrf@eepurl.com,53639 Scofield Lane,Las Vegas,NV,89125,702-713-9917
989,Giorgia,Gillies,ggilliesrg@squarespace.com,15240 Luster Circle,San Francisco,CA,94110,415-501-6108
990,Morty,Rubbens,mrubbensrh@go.com,2310 Colorado Terrace,Homestead,FL,33034,786-801-9505
991,Clement,de Clerc,cdeclercri@google.pl,7108 Rowland Lane,Spring,TX,77386,832-257-0038
992,Wendel,Hulks,whulksrj@ezinearticles.com,6873 Westridge Trail,Aurora,IL,60505,312-717-5444
993,Agretha,Kupker,akupkerrk@mit.edu,9 Shasta Drive,Cumming,GA,30130,706-118-0364
994,Agatha,Hargrove,ahargroverl@google.cn,1961 Montana Terrace,Colorado Springs,CO,80915,719-649-9031
995,Tailor,Bridel,tbridelrm@wufoo.com,593 Arrowood Plaza,Trenton,NJ,08619,609-118-4069
996,Edmon,Giorgetti,egiorgettirn@wix.com,970 Northfield Avenue,Birmingham,AL,35242,205-922-8167
997,Giavani,Blown,gblownro@dot.gov,4 Corry Parkway,Macon,GA,31296,478-280-4370
998,Lenee,Yegorshin,lyegorshinrp@hud.gov,4 Banding Alley,Schenectady,NY,12305,518-403-2682
999,Edyth,Billin,ebillinrq@studiopress.com,3 Gateway Avenue,Nashville,TN,37240,615-363-8703
1000,Conrado,Fleote,cfleoterr@archive.org,8123 Kinsman Lane,Biloxi,MS,39534,228-558-5394
